{
  "weak": {
    "samples": {
      "precision": 0.4956136904761905,
      "f1": 0.36864536297036293,
      "recall": 0.32866011904761905
    },
    "weighted": {
      "precision": 0.6785886753084029,
      "f1": 0.47605332495707736,
      "recall": 0.3761360685536224
    },
    "macro": {
      "precision": 0.6782974560216342,
      "f1": 0.4766323870626449,
      "recall": 0.376853875104437
    },
    "micro": {
      "precision": 0.6675115207373272,
      "f1": 0.4811493107457233,
      "recall": 0.3761360685536224
    }
  },
  "strong": {
    "class_wise_average": {
      "f_measure": {
        "precision": 0.27329150155554766,
        "f_measure": 0.39968475250100177,
        "recall": 0.7470570114332974
      },
      "error_rate": {
        "insertion_rate": 1.997045477595707,
        "deletion_rate": 0.2529429885667026,
        "error_rate": 2.2499884661624097
      },
      "accuracy": {
        "balanced_accuracy": 0.6283808512348995,
        "specificity": 0.5097046910365015,
        "sensitivity": 0.7470570114332974,
        "accuracy": 0.5570084858398937
      }
    },
    "class_wise": {
      "air_conditioner": {
        "f_measure": {
          "precision": 0.2609412906356138,
          "f_measure": 0.37790738528564405,
          "recall": 0.6849210392256749
        },
        "count": {
          "Nsys": 10305.0,
          "Nref": 3926.0
        },
        "error_rate": {
          "insertion_rate": 1.9398879266428934,
          "deletion_rate": 0.315078960774325,
          "error_rate": 2.2549668874172184
        },
        "accuracy": {
          "balanced_accuracy": 0.5989199721582454,
          "specificity": 0.5129189050908161,
          "sensitivity": 0.6849210392256749,
          "accuracy": 0.5474389121766691
        }
      },
      "engine_idling": {
        "f_measure": {
          "precision": 0.2881107968399493,
          "f_measure": 0.4134359692092372,
          "recall": 0.7317314837750805
        },
        "count": {
          "Nsys": 10253.0,
          "Nref": 4037.0
        },
        "error_rate": {
          "insertion_rate": 1.808025761704236,
          "deletion_rate": 0.2682685162249195,
          "error_rate": 2.0762942779291556
        },
        "accuracy": {
          "balanced_accuracy": 0.6307932781194243,
          "specificity": 0.5298550724637681,
          "sensitivity": 0.7317314837750805,
          "accuracy": 0.5715162048870258
        }
      },
      "siren": {
        "f_measure": {
          "precision": 0.28551150765487177,
          "f_measure": 0.4062026685899748,
          "recall": 0.703648175912044
        },
        "count": {
          "Nsys": 9863.0,
          "Nref": 4002.0
        },
        "error_rate": {
          "insertion_rate": 1.7608695652173914,
          "deletion_rate": 0.296351824087956,
          "error_rate": 2.0572213893053473
        },
        "accuracy": {
          "balanced_accuracy": 0.6253780725318574,
          "specificity": 0.5471079691516709,
          "sensitivity": 0.703648175912044,
          "accuracy": 0.5791330129843574
        }
      },
      "gun_shot": {
        "f_measure": {
          "precision": 0.24012098741340618,
          "f_measure": 0.3595850379894798,
          "recall": 0.7156150043617331
        },
        "count": {
          "Nsys": 10249.0,
          "Nref": 3439.0
        },
        "error_rate": {
          "insertion_rate": 2.2646118057574878,
          "deletion_rate": 0.2843849956382669,
          "error_rate": 2.548996801395755
        },
        "accuracy": {
          "balanced_accuracy": 0.6162891743262489,
          "specificity": 0.5169633442907647,
          "sensitivity": 0.7156150043617331,
          "accuracy": 0.5518863101932318
        }
      },
      "children_playing": {
        "f_measure": {
          "precision": 0.2737852531430513,
          "f_measure": 0.40661073613827037,
          "recall": 0.7897574123989218
        },
        "count": {
          "Nsys": 11772.0,
          "Nref": 4081.0
        },
        "error_rate": {
          "insertion_rate": 2.0948296986032835,
          "deletion_rate": 0.21024258760107817,
          "error_rate": 2.3050722862043616
        },
        "accuracy": {
          "balanced_accuracy": 0.6187660519781574,
          "specificity": 0.4477746915573929,
          "sensitivity": 0.7897574123989218,
          "accuracy": 0.5191186995194765
        }
      },
      "street_music": {
        "f_measure": {
          "precision": 0.2927012791572611,
          "f_measure": 0.42577644000547266,
          "recall": 0.7807325639739087
        },
        "count": {
          "Nsys": 10632.0,
          "Nref": 3986.0
        },
        "error_rate": {
          "insertion_rate": 1.8866031108881083,
          "deletion_rate": 0.2192674360260913,
          "error_rate": 2.1058705469141996
        },
        "accuracy": {
          "balanced_accuracy": 0.6489692609289164,
          "specificity": 0.517205957883924,
          "sensitivity": 0.7807325639739087,
          "accuracy": 0.5709027706778448
        }
      },
      "car_horn": {
        "f_measure": {
          "precision": 0.2707264226251568,
          "f_measure": 0.3929162528963919,
          "recall": 0.7161387631975867
        },
        "count": {
          "Nsys": 8769.0,
          "Nref": 3315.0
        },
        "error_rate": {
          "insertion_rate": 1.9291101055806938,
          "deletion_rate": 0.28386123680241326,
          "error_rate": 2.212971342383107
        },
        "accuracy": {
          "balanced_accuracy": 0.661263817494651,
          "specificity": 0.6063888717917154,
          "sensitivity": 0.7161387631975867,
          "accuracy": 0.624987220120642
        }
      },
      "drilling": {
        "f_measure": {
          "precision": 0.2917362680554191,
          "f_measure": 0.4179041452600465,
          "recall": 0.736359126984127
        },
        "count": {
          "Nsys": 10177.0,
          "Nref": 4032.0
        },
        "error_rate": {
          "insertion_rate": 1.7876984126984128,
          "deletion_rate": 0.263640873015873,
          "error_rate": 2.0513392857142856
        },
        "accuracy": {
          "balanced_accuracy": 0.6361125963317287,
          "specificity": 0.5358660656793304,
          "sensitivity": 0.736359126984127,
          "accuracy": 0.5771904713219507
        }
      },
      "dog_bark": {
        "f_measure": {
          "precision": 0.24660724323456196,
          "f_measure": 0.37593340678173587,
          "recall": 0.7904761904761904
        },
        "count": {
          "Nsys": 12453.0,
          "Nref": 3885.0
        },
        "error_rate": {
          "insertion_rate": 2.4149292149292148,
          "deletion_rate": 0.20952380952380953,
          "error_rate": 2.6244530244530244
        },
        "accuracy": {
          "balanced_accuracy": 0.5960099265833781,
          "specificity": 0.4015436626905658,
          "sensitivity": 0.7904761904761904,
          "accuracy": 0.4787854002658215
        }
      },
      "jackhammer": {
        "f_measure": {
          "precision": 0.2826739667961851,
          "f_measure": 0.42057548285376434,
          "recall": 0.8211903540277066
        },
        "count": {
          "Nsys": 11324.0,
          "Nref": 3898.0
        },
        "error_rate": {
          "insertion_rate": 2.0838891739353516,
          "deletion_rate": 0.17880964597229349,
          "error_rate": 2.262698819907645
        },
        "accuracy": {
          "balanced_accuracy": 0.6513063618963865,
          "specificity": 0.4814223697650664,
          "sensitivity": 0.8211903540277066,
          "accuracy": 0.549125856251917
        }
      }
    },
    "overall": {
      "f_measure": {
        "precision": 0.27288108358460067,
        "f_measure": 0.39986703416944824,
        "recall": 0.7479080852827646
      },
      "error_rate": {
        "insertion_rate": 1.881712908991995,
        "substitution_rate": 0.11116292324033056,