{
  "strong": {
    "class_wise": {
      "air_conditioner": {
        "error_rate": {
          "error_rate": 2.317880794701987,
          "deletion_rate": 0.28425878757004586,
          "insertion_rate": 2.033622007131941
        },
        "accuracy": {
          "balanced_accuracy": 0.5977715705099992,
          "sensitivity": 0.7157412124299541,
          "accuracy": 0.5278613676455328,
          "specificity": 0.4798019285900443
        },
        "f_measure": {
          "recall": 0.7157412124299541,
          "precision": 0.26032981285899576,
          "f_measure": 0.38179347826086957
        },
        "count": {
          "Nref": 3926.0,
          "Nsys": 10794.0
        }
      },
      "drilling": {
        "error_rate": {
          "error_rate": 2.130952380952381,
          "deletion_rate": 0.23834325396825398,
          "insertion_rate": 1.892609126984127
        },
        "accuracy": {
          "balanced_accuracy": 0.6305003320763638,
          "sensitivity": 0.761656746031746,
          "accuracy": 0.5542181176714746,
          "specificity": 0.4993439181209815
        },
        "f_measure": {
          "recall": 0.761656746031746,
          "precision": 0.28695570921323116,
          "f_measure": 0.41685896565766256
        },
        "count": {
          "Nref": 4032.0,
          "Nsys": 10702.0
        }
      },
      "jackhammer": {
        "error_rate": {
          "error_rate": 2.2314007183170856,
          "deletion_rate": 0.1921498204207286,
          "insertion_rate": 2.0392508978963573
        },
        "accuracy": {
          "balanced_accuracy": 0.6454378369280332,
          "sensitivity": 0.8078501795792714,
          "accuracy": 0.5487184808550378,
          "specificity": 0.48302549427679503
        },
        "f_measure": {
          "recall": 0.8078501795792714,
          "precision": 0.28374481888628583,
          "f_measure": 0.4199786609762603
        },
        "count": {
          "Nref": 3898.0,
          "Nsys": 11098.0
        }
      },
      "engine_idling": {
        "error_rate": {
          "error_rate": 2.0227891999009167,
          "deletion_rate": 0.28536041615060687,
          "insertion_rate": 1.7374287837503097
        },
        "accuracy": {
          "balanced_accuracy": 0.6271563739290281,
          "sensitivity": 0.7146395838493931,
          "accuracy": 0.5763204316696067,
          "specificity": 0.5396731640086632
        },
        "f_measure": {
          "recall": 0.7146395838493931,
          "precision": 0.2914435801596121,
          "f_measure": 0.41403559127439726
        },
        "count": {
          "Nref": 4037.0,
          "Nsys": 9899.0
        }
      },
      "gun_shot": {
        "error_rate": {
          "error_rate": 2.6272172143064845,
          "deletion_rate": 0.26461180575748766,
          "insertion_rate": 2.3626054085489967
        },
        "accuracy": {
          "balanced_accuracy": 0.6111421552204036,
          "sensitivity": 0.7353881942425123,
          "accuracy": 0.5312337864480647,
          "specificity": 0.4868961161982949
        },
        "f_measure": {
          "recall": 0.7353881942425123,
          "precision": 0.23737563356485827,
          "f_measure": 0.35890158234584546
        },
        "count": {
          "Nref": 3439.0,
          "Nsys": 10654.0
        }
      },
      "dog_bark": {
        "error_rate": {
          "error_rate": 2.2543114543114546,
          "deletion_rate": 0.26126126126126126,
          "insertion_rate": 1.9930501930501932
        },
        "accuracy": {
          "balanced_accuracy": 0.617793568472625,
          "sensitivity": 0.7387387387387387,
          "accuracy": 0.54560547888347,
          "specificity": 0.49684839820651117
        },
        "f_measure": {
          "recall": 0.7387387387387387,
          "precision": 0.2704230660510694,
          "f_measure": 0.3959166781625052
        },
        "count": {
          "Nref": 3885.0,
          "Nsys": 10613.0
        }
      },
      "street_music": {
        "error_rate": {
          "error_rate": 2.0489212242849972,
          "deletion_rate": 0.21575514300050175,
          "insertion_rate": 1.8331660812844957
        },
        "accuracy": {
          "balanced_accuracy": 0.6531441448786084,
          "sensitivity": 0.7842448569994982,
          "accuracy": 0.5762685483034139,
          "specificity": 0.5220434327577185
        },
        "f_measure": {
          "recall": 0.7842448569994982,
          "precision": 0.29962618614013226,
          "f_measure": 0.4335945627297316
        },
        "count": {
          "Nref": 3986.0,
          "Nsys": 10433.0
        }
      },
      "children_playing": {
        "error_rate": {
          "error_rate": 2.118598382749326,
          "deletion_rate": 0.23107081597647636,
          "insertion_rate": 1.8875275667728497
        },
        "accuracy": {
          "balanced_accuracy": 0.6309596884377475,
          "sensitivity": 0.7689291840235236,
          "accuracy": 0.5514164158970634,
          "specificity": 0.4929901928519713
        },
        "f_measure": {
          "recall": 0.7689291840235236,
          "precision": 0.2894566921870676,
          "f_measure": 0.42058705267390434
        },
        "count": {
          "Nref": 4081.0,
          "Nsys": 10841.0
        }
      },
      "car_horn": {
        "error_rate": {
          "error_rate": 2.4048265460030165,
          "deletion_rate": 0.26907993966817495,
          "insertion_rate": 2.1357466063348416
        },
        "accuracy": {
          "balanced_accuracy": 0.6436416204911208,
          "sensitivity": 0.730920060331825,
          "accuracy": 0.5863858047110097,
          "specificity": 0.5563631806504167
        },
        "f_measure": {
          "recall": 0.730920060331825,
          "precision": 0.2549721140692413,
          "f_measure": 0.37806210017163366
        },
        "count": {
          "Nref": 3315.0,
          "Nsys": 9503.0
        }
      },
      "siren": {
        "error_rate": {
          "error_rate": 2.0099950024987505,
          "deletion_rate": 0.2588705647176412,
          "insertion_rate": 1.7511244377811095
        },
        "accuracy": {
          "balanced_accuracy": 0.6411252205222691,
          "sensitivity": 0.7411294352823589,
          "accuracy": 0.5826502023451281,
          "specificity": 0.5411210057621791
        },
        "f_measure": {
          "recall": 0.7411294352823589,
          "precision": 0.2973731702426308,
          "f_measure": 0.42444190040068686
        },
        "count": {
          "Nref": 4002.0,
          "Nsys": 9974.0
        }
      }
    },
    "overall": {
      "error_rate": {
        "error_rate": 2.112820911375353,
        "substitution_rate": 0.09380585995181472,
        "deletion_rate": 0.15577316649827724,
        "insertion_rate": 1.863241884925261
      },
      "accuracy": {
        "balanced_accuracy": 0.6301589423896914,
        "sensitivity": 0.750420973549908,
        "accuracy": 0.5580678634429802,
        "specificity": 0.5098969112294747
      },
      "f_measure": {
        "recall": 0.750420973549908,
        "precision": 0.27716699677545903,
        "f_measure": 0.40481580859746213
      }
    },
    "class_wise_average": {
      "error_rate": {
        "error_rate": 2.2166892918026404,
        "deletion_rate": 0.2500761808491178,
        "insertion_rate": 1.9666131109535219
      },
      "accuracy": {
        "balanced_accuracy": 0.6298672511466199,
        "sensitivity": 0.749923819150882,
        "accuracy": 0.5580678634429801,
        "specificity": 0.5098106831423574
      },
      "f_measure": {
        "recall": 0.749923819150882,
        "precision": 0.27717007833731244,
        "f_measure": 0.40441705726534966
      }
    }
  },
  "weak": {
    "samples": {
      "recall": 0.3424946428571429,
      "precision": 0.5214440476190476,
      "f1": 0.3866936507936508
    },
    "micro": {
      "recall": 0.39574136587899245,