{"strong": {"class_wise_average": {"f_measure": {"f_measure": 0.3781813605005219, "precision": 0.5067529175174003, "recall": 0.3602399520845836}, "accuracy": {"balanced_accuracy": 0.6645401601929013, "sensitivity": 0.3602399520845836, "accuracy": 0.9374410444100668, "specificity": 0.9688403683012192}, "error_rate": {"error_rate": 1.0932906518167995, "deletion_rate": 0.6397600479154164, "insertion_rate": 0.45353060390138317}}, "overall": {"f_measure": {"f_measure": 0.4044540229885058, "precision": 0.4229902329075883, "recall": 0.3874741913282863}, "accuracy": {"sensitivity": 0.3874741913282863, "balanced_accuracy": 0.6784077543467779, "accuracy": 0.9374410444100668, "specificity": 0.9693413173652694}, "error_rate": {"substitution_rate": 0.29823353980270706, "error_rate": 0.8428538655654967, "deletion_rate": 0.31429226886900663, "insertion_rate": 0.23032805689378297}}, "class_wise": {"Train horn": {"f_measure": {"f_measure": 0.5232067510548524, "precision": 0.7560975609756098, "recall": 0.4}, "error_rate": {"error_rate": 0.7290322580645161, "deletion_rate": 0.6, "insertion_rate": 0.12903225806451613}, "count": {"Nsys": 82.0, "Nref": 155.0}, "accuracy": {"sensitivity": 0.4, "balanced_accuracy": 0.6977885891198585, "accuracy": 0.975839213170836, "specificity": 0.9955771782397169}}, "Bus": {"f_measure": {"f_measure": 0.23267326732673269, "precision": 0.376, "recall": 0.16845878136200718}, "error_rate": {"error_rate": 1.1111111111111112, "deletion_rate": 0.8315412186379928, "insertion_rate": 0.27956989247311825}, "count": {"Nsys": 125.0, "Nref": 279.0}, "accuracy": {"sensitivity": 0.16845878136200718, "balanced_accuracy": 0.5753617235595847, "accuracy": 0.9337181954244174, "specificity": 0.9822646657571623}}, "Train": {"f_measure": {"f_measure": 0.536144578313253, "precision": 0.6116838487972509, "recall": 0.4772117962466488}, "error_rate": {"error_rate": 0.8257372654155496, "deletion_rate": 0.5227882037533512, "insertion_rate": 0.30294906166219837}, "count": {"Nsys": 291.0, "Nref": 373.0}, "accuracy": {"sensitivity": 0.4772117962466488, "balanced_accuracy": 0.7254785747032501, "accuracy": 0.9341458199700663, "specificity": 0.9737453531598513}}, "Reversing beeps": {"f_measure": {"f_measure": 0.45967741935483863, "precision": 0.7916666666666666, "recall": 0.32386363636363635}, "error_rate": {"error_rate": 0.7613636363636364, "deletion_rate": 0.6761363636363636, "insertion_rate": 0.08522727272727272}, "count": {"Nsys": 72.0, "Nref": 176.0}, "accuracy": {"sensitivity": 0.32386363636363635, "balanced_accuracy": 0.6602655218032356, "accuracy": 0.9713491554415223, "specificity": 0.996667407242835}}, "Motorcycle": {"f_measure": {"f_measure": 0.37905236907730677, "precision": 0.4021164021164021, "recall": 0.3584905660377358}, "error_rate": {"error_rate": 1.1745283018867925, "deletion_rate": 0.6415094339622641, "insertion_rate": 0.5330188679245284}, "count": {"Nsys": 189.0, "Nref": 212.0}, "accuracy": {"sensitivity": 0.3584905660377358, "balanced_accuracy": 0.6665913076549261, "accuracy": 0.9467607440667094, "specificity": 0.9746920492721165}}, "Police car (siren)": {"f_measure": {"f_measure": 0.527433628318584, "precision": 0.5068027210884354, "recall": 0.5498154981549815}, "error_rate": {"error_rate": 0.985239852398524, "deletion_rate": 0.45018450184501846, "insertion_rate": 0.5350553505535055}, "count": {"Nsys": 294.0, "Nref": 271.0}, "accuracy": {"sensitivity": 0.5498154981549815, "balanced_accuracy": 0.75845291476065, "accuracy": 0.9429121231558691, "specificity": 0.9670903313663186}}, "Air horn, truck horn": {"f_measure": {"f_measure": 0.29770992366412213, "precision": 0.5571428571428572, "recall": 0.203125}, "error_rate": {"error_rate": 0.9583333333333334, "deletion_rate": 0.796875, "insertion_rate": 0.16145833333333334}, "count": {"Nsys": 70.0, "Nref": 192.0}, "accuracy": {"sensitivity": 0.203125, "balanced_accuracy": 0.5981065356744705, "accuracy": 0.9606585418002993, "specificity": 0.993088071348941}}, "Skateboard": {"f_measure": {"f_measure": 0.5066666666666667, "precision": 0.5337078651685393, "recall": 0.48223350253807107}, "error_rate": {"error_rate": 0.9390862944162437, "deletion_rate": 0.5177664974619289, "insertion_rate": 0.4213197969543147}, "count": {"Nsys": 178.0, "Nref": 197.0}, "accuracy": {"sensitivity": 0.48223350253807107, "balanced_accuracy": 0.7318533584118927, "accuracy": 0.9604447295274748, "specificity": 0.9814732142857143}}, "Truck": {"f_measure": {"f_measure": 0.3819951338199513, "precision": 0.4498567335243553, "recall": 0.33192389006342493}, "error_rate": {"error_rate": 1.0739957716701902, "deletion_rate": 0.6680761099365751, "insertion_rate": 0.4059196617336152}, "count": {"Nsys": 349.0, "Nref": 473.0}, "accuracy": {"sensitivity": 0.33192389006342493, "balanced_accuracy": 0.6431265501696763, "accuracy": 0.8913833654051743, "specificity": 0.9543292102759277}}, "Car": {"f_measure": {"f_measure": 0.32583586626139815, "precision": 0.21052631578947367, "recall": 0.7204301075268817}, "error_rate": {"error_rate": 2.981182795698925, "deletion_rate": 0.27956989247311825, "insertion_rate": 2.7016129032258065}, "count": {"Nsys": 1273.0, "Nref": 372.0}, "accuracy": {"sensitivity": 0.7204301075268817, "balanced_accuracy": 0.7434903150874828, "accuracy": 0.7628821894376737, "specificity": 0.7665505226480837}}, "Screaming": {"f_measure": {"f_measure": 0.28125, "precision": 0.6545454545454545, "recall": 0.1791044776119403}, "error_rate": {"error_rate": 0.9154228855721394, "deletion_rate": 0.8208955223880597, "insertion_rate": 0.0945273631840796}, "count": {"Nsys": 55.0, "Nref": 201.0}, "accuracy": {"sensitivity": 0.1791044776119403, "balanced_accuracy": 0.5874298080642365, "accuracy": 0.9606585418002993, "specificity": 0.9957551385165326}}, "Civil defense siren": {"f_measure": {"f_measure": 0.8161993769470405, "precision": 0.7443181818181818, "recall": 0.903448275862069}, "error_rate": {"error_rate": 0.40689655172413797, "deletion_rate": 0.09655172413793103, "insertion_rate": 0.3103448275862069}, "count": {"Nsys": 352.0, "Nref": 290.0}, "accuracy": {"sensitivity": 0.903448275862069, "balanced_accuracy": 0.9414665587197284, "accuracy": 0.9747701518067137, "specificity": 0.9794848415773877}}, "Fire engine, fire truck (siren)": {"f_measure": {"f_measure": 0.47533632286995514, "precision": 0.45689655172413796, "recall": 0.4953271028037383}, "error_rate": {"error_rate": 1.0934579439252334, "deletion_rate": 0.5046728971962616, "insertion_rate": 0.5887850467289719}, "count": {"Nsys": 348.0, "Nref": 321.0}, "accuracy": {"sensitivity": 0.4953271028037383, "balanced_accuracy": 0.7259693365258361, "accuracy": 0.9249518922386145, "specificity": 0.9566115702479339}}, "Car alarm": {"f_measure": {"f_measure": 0.2021276595744681, "precision": 0.7916666666666666, "recall": 0.11585365853658537}, "error_rate": {"error_rate": 0.9146341463414634, "deletion_rate": 0.8841463414634146, "insertion_rate": 0.03048780487804878}, "count": {"Nsys": 24.0, "Nref": 164.0}, "accuracy": {"sensitivity": 0.11585365853658537, "balanced_accuracy": 0.5573728740278762, "accuracy": 0.967928159076331, "specificity": 0.9988920895191669}}, "Bicycle": {"f_measure": {"f_measure": 0.23121387283236994, "precision": 0.21621621621621623, "recall": 0.2484472049689441}, "error_rate": {"error_rate": 1.6521739130434783, "deletion_rate": 0.7515527950310559, "insertion_rate": 0.9006211180124224}, "count": {"Nsys": 185.0, "Nref": 161.0}, "accuracy": {"sensitivity": 0.2484472049689441, "balanced_accuracy": 0.6081695723693259, "accuracy": 0.9431259354286936, "specificity": 0.9678919397697077}}, "Ambulance (siren)": {"f_measure": {"f_measure": 0.24512534818941503, "precision": 0.5, "recall": 0.16236162361623616}, "error_rate": {"error_rate": 1.0, "deletion_rate": 0.8376383763837638, "insertion_rate": 0.16236162361623616}, "count": {"Nsys": 88.0, "Nref": 271.0}, "accuracy": {"sensitivity": 0.16236162361623616, "balanced_accuracy": 0.5761876207050768, "accuracy": 0.9420568740645713,