{"strong": {"class_wise_average": {"f_measure": {"f_measure": 0.37040000323178784, "precision": 0.47856974887927484, "recall": 0.35965134266831483}, "accuracy": {"balanced_accuracy": 0.6639949534833046, "sensitivity": 0.35965134266831483, "accuracy": 0.9366486731914035, "specificity": 0.9683385642982948}, "error_rate": {"error_rate": 1.097102043547842, "deletion_rate": 0.6403486573316851, "insertion_rate": 0.45675338621615685}}, "overall": {"f_measure": {"f_measure": 0.39937821355972736, "precision": 0.41708291708291706, "recall": 0.38311539343886214}, "accuracy": {"sensitivity": 0.38311539343886214, "balanced_accuracy": 0.6759829526283582, "accuracy": 0.9366486731914034, "specificity": 0.9688505118178542}, "error_rate": {"substitution_rate": 0.32186281257169075, "error_rate": 0.8304657031429227, "deletion_rate": 0.2950217939894471, "insertion_rate": 0.2135810965817848}}, "class_wise": {"Train horn": {"f_measure": {"f_measure": 0.551440329218107, "precision": 0.7613636363636364, "recall": 0.432258064516129}, "error_rate": {"error_rate": 0.7032258064516129, "deletion_rate": 0.567741935483871, "insertion_rate": 0.13548387096774195}, "count": {"Nsys": 88.0, "Nref": 155.0}, "accuracy": {"sensitivity": 0.432258064516129, "balanced_accuracy": 0.7138003562766939, "accuracy": 0.9766295025728988, "specificity": 0.9953426480372588}}, "Bus": {"f_measure": {"f_measure": 0.15776081424936386, "precision": 0.2719298245614035, "recall": 0.1111111111111111}, "error_rate": {"error_rate": 1.1863799283154122, "deletion_rate": 0.8888888888888888, "insertion_rate": 0.2974910394265233}, "count": {"Nsys": 114.0, "Nref": 279.0}, "accuracy": {"sensitivity": 0.1111111111111111, "balanced_accuracy": 0.546091473457494, "accuracy": 0.9290308747855918, "specificity": 0.9810718358038768}}, "Train": {"f_measure": {"f_measure": 0.5114155251141553, "precision": 0.5915492957746479, "recall": 0.450402144772118}, "error_rate": {"error_rate": 0.8605898123324397, "deletion_rate": 0.5495978552278821, "insertion_rate": 0.3109919571045576}, "count": {"Nsys": 284.0, "Nref": 373.0}, "accuracy": {"sensitivity": 0.450402144772118, "balanced_accuracy": 0.7116844096034908, "accuracy": 0.9311749571183533, "specificity": 0.9729666744348636}}, "Reversing beeps": {"f_measure": {"f_measure": 0.49218750000000006, "precision": 0.7875, "recall": 0.35795454545454547}, "error_rate": {"error_rate": 0.7386363636363636, "deletion_rate": 0.6420454545454546, "insertion_rate": 0.09659090909090909}, "count": {"Nsys": 80.0, "Nref": 176.0}, "accuracy": {"sensitivity": 0.35795454545454547, "balanced_accuracy": 0.6770833333333334, "accuracy": 0.9721269296740995, "specificity": 0.9962121212121212}}, "Motorcycle": {"f_measure": {"f_measure": 0.3641304347826087, "precision": 0.42948717948717946, "recall": 0.3160377358490566}, "error_rate": {"error_rate": 1.1037735849056605, "deletion_rate": 0.6839622641509434, "insertion_rate": 0.419811320754717}, "count": {"Nsys": 156.0, "Nref": 212.0}, "accuracy": {"sensitivity": 0.3160377358490566, "balanced_accuracy": 0.6480233602875112, "accuracy": 0.9498284734133791, "specificity": 0.9800089847259659}}, "Police car (siren)": {"f_measure": {"f_measure": 0.5635179153094463, "precision": 0.5043731778425656, "recall": 0.6383763837638377}, "error_rate": {"error_rate": 0.988929889298893, "deletion_rate": 0.36162361623616235, "insertion_rate": 0.6273062730627307}, "count": {"Nsys": 343.0, "Nref": 271.0}, "accuracy": {"sensitivity": 0.6383763837638377, "balanced_accuracy": 0.799839227620594, "accuracy": 0.9425385934819898, "specificity": 0.9613020714773504}}, "Air horn, truck horn": {"f_measure": {"f_measure": 0.4195804195804196, "precision": 0.6382978723404256, "recall": 0.3125}, "error_rate": {"error_rate": 0.8645833333333334, "deletion_rate": 0.6875, "insertion_rate": 0.17708333333333334}, "count": {"Nsys": 94.0, "Nref": 192.0}, "accuracy": {"sensitivity": 0.3125, "balanced_accuracy": 0.6524485688729875, "accuracy": 0.9644082332761578, "specificity": 0.9923971377459749}}, "Skateboard": {"f_measure": {"f_measure": 0.45112781954887216, "precision": 0.44554455445544555, "recall": 0.45685279187817257}, "error_rate": {"error_rate": 1.1116751269035534, "deletion_rate": 0.5431472081218274, "insertion_rate": 0.5685279187817259}, "count": {"Nsys": 202.0, "Nref": 197.0}, "accuracy": {"sensitivity": 0.45685279187817257, "balanced_accuracy": 0.7158900180568387, "accuracy": 0.9530445969125214, "specificity": 0.9749272442355048}}, "Truck": {"f_measure": {"f_measure": 0.34749034749034746, "precision": 0.4440789473684211, "recall": 0.2854122621564482}, "error_rate": {"error_rate": 1.0718816067653276, "deletion_rate": 0.7145877378435518, "insertion_rate": 0.3572938689217759}, "count": {"Nsys": 304.0, "Nref": 473.0}, "accuracy": {"sensitivity": 0.2854122621564482, "balanced_accuracy": 0.622543878632507, "accuracy": 0.891295025728988, "specificity": 0.959675495108566}}, "Car": {"f_measure": {"f_measure": 0.3082352941176471, "precision": 0.19728915662650603, "recall": 0.7043010752688172}, "error_rate": {"error_rate": 3.1612903225806455, "deletion_rate": 0.2956989247311828, "insertion_rate": 2.8655913978494625}, "count": {"Nsys": 1328.0, "Nref": 372.0}, "accuracy": {"sensitivity": 0.7043010752688172, "balanced_accuracy": 0.7279660082774655, "accuracy": 0.7478559176672385, "specificity": 0.7516309412861137}}, "Screaming": {"f_measure": {"f_measure": 0.2, "precision": 0.391304347826087, "recall": 0.13432835820895522}, "error_rate": {"error_rate": 1.0746268656716418, "deletion_rate": 0.8656716417910447, "insertion_rate": 0.208955223880597}, "count": {"Nsys": 69.0, "Nref": 201.0}, "accuracy": {"sensitivity": 0.13432835820895522, "balanced_accuracy": 0.5624588239621966, "accuracy": 0.9536878216123499, "specificity": 0.990589289715438}}, "Civil defense siren": {"f_measure": {"f_measure": 0.799396681749623, "precision": 0.710455764075067, "recall": 0.9137931034482759}, "error_rate": {"error_rate": 0.45862068965517244, "deletion_rate": 0.08620689655172414, "insertion_rate": 0.3724137931034483}, "count": {"Nsys": 373.0, "Nref": 290.0}, "accuracy": {"sensitivity": 0.9137931034482759, "balanced_accuracy": 0.9445508727117923, "accuracy": 0.9714837049742711, "specificity": 0.9753086419753086}}, "Fire engine, fire truck (siren)": {"f_measure": {"f_measure": 0.5446428571428571, "precision": 0.5213675213675214, "recall": 0.5700934579439252}, "error_rate": {"error_rate": 0.9532710280373831, "deletion_rate": 0.42990654205607476, "insertion_rate": 0.5233644859813084}, "count": {"Nsys": 351.0, "Nref": 321.0}, "accuracy": {"sensitivity": 0.5700934579439252, "balanced_accuracy": 0.7657052599413385, "accuracy": 0.9343910806174958, "specificity": 0.961317061938752}}, "Car alarm": {"f_measure": {"f_measure": 0.1836734693877551, "precision": 0.5625, "recall": 0.10975609756097561}, "error_rate": {"error_rate": 0.975609756097561, "deletion_rate": 0.8902439024390244, "insertion_rate": 0.08536585365853659}, "count": {"Nsys": 32.0, "Nref": 164.0}, "accuracy": {"sensitivity": 0.10975609756097561, "balanced_accuracy": 0.5533224932249323, "accuracy": 0.9656946826758147, "specificity": 0.9968888888888889}}, "Bicycle": {"f_measure": {"f_measure": 0.2533333333333333, "precision": 0.2733812949640288, "recall": 0.2360248447204969}, "error_rate": {"error_rate": 1.391304347826087, "deletion_rate": 0.7639751552795031, "insertion_rate": 0.6273291925465838}, "count": {"Nsys": 139.0, "Nref": 161.0}, "accuracy": {"sensitivity": 0.2360248447204969, "balanced_accuracy": 0.6067976766351763, "accuracy": 0.9519725557461407, "specificity": 0.9775705085498556}}, "Ambulance (siren)": {"f_measure": {"f_measure": 0.1488673139158576, "precision": 0.6052631578947368, "recall": 0.08487084870848709}, "error_rate": {"error_rate": 0.970479704797048, "deletion_rate": 0.915129151291513, "insertion_rate": 0.055350553505535055}, "count": {"Nsys": 38.0, "Nref": 271.0}, "accuracy": {"sensitivity": 0.08487084870848709, "balanced_accuracy": 0.5407281628017737,