{
  "weak": {
    "micro": {
      "precision": 0.6525675274562185,
      "f1": 0.6090027700831024,
      "recall": 0.57089067774604
    },
    "samples": {
      "precision": 0.6314690476190477,
      "f1": 0.5740123918565095,
      "recall": 0.5763599206349206
    },
    "weighted": {
      "precision": 0.6646805032892504,
      "f1": 0.5841991183173031,
      "recall": 0.57089067774604
    },
    "macro": {
      "precision": 0.6656917866769747,
      "f1": 0.5832792541615363,
      "recall": 0.568577985589757
    }
  },
  "strong": {
    "class_wise": {
      "air_conditioner": {
        "count": {
          "Nref": 3926.0,
          "Nsys": 382.0
        },
        "f_measure": {
          "f_measure": 0.05385329619312907,
          "precision": 0.3036649214659686,
          "recall": 0.029546612328069283
        },
        "accuracy": {
          "balanced_accuracy": 0.5058507246532337,
          "accuracy": 0.7835598980458793,
          "specificity": 0.982154836978398,
          "sensitivity": 0.029546612328069283
        },
        "error_rate": {
          "insertion_rate": 0.06775343861436577,
          "error_rate": 1.0382068262862965,
          "deletion_rate": 0.9704533876719307
        }
      },
      "siren": {
        "count": {
          "Nref": 4002.0,
          "Nsys": 1165.0
        },
        "f_measure": {
          "f_measure": 0.3712018579446487,
          "precision": 0.8231759656652361,
          "recall": 0.23963018490754623
        },
        "accuracy": {
          "balanced_accuracy": 0.6128697114692823,
          "accuracy": 0.8274745114698385,
          "specificity": 0.9861092380310182,
          "sensitivity": 0.23963018490754623
        },
        "error_rate": {
          "insertion_rate": 0.05147426286856572,
          "error_rate": 0.8118440779610195,
          "deletion_rate": 0.7603698150924538
        }
      },
      "street_music": {
        "count": {
          "Nref": 3986.0,
          "Nsys": 743.0
        },
        "f_measure": {
          "f_measure": 0.23852823006978222,
          "precision": 0.7590847913862718,
          "recall": 0.14149523331660813
        },
        "accuracy": {
          "balanced_accuracy": 0.5647190567768545,
          "accuracy": 0.8087829226847918,
          "specificity": 0.9879428802371009,
          "sensitivity": 0.14149523331660813
        },
        "error_rate": {
          "insertion_rate": 0.04490717511289513,
          "error_rate": 0.9034119417962869,
          "deletion_rate": 0.8585047666833918
        }
      },
      "engine_idling": {
        "count": {
          "Nref": 4037.0,
          "Nsys": 506.0
        },
        "f_measure": {
          "f_measure": 0.14571868809156943,
          "precision": 0.6541501976284585,
          "recall": 0.08199157790438444
        },
        "accuracy": {
          "balanced_accuracy": 0.5350816287629391,
          "accuracy": 0.7939146134239592,
          "specificity": 0.9881716796214938,
          "sensitivity": 0.08199157790438444
        },
        "error_rate": {
          "insertion_rate": 0.043349021550656425,
          "error_rate": 0.961357443646272,
          "deletion_rate": 0.9180084220956155
        }
      },
      "gun_shot": {
        "count": {
          "Nref": 3439.0,
          "Nsys": 1266.0
        },
        "f_measure": {
          "f_measure": 0.34558979808714135,
          "precision": 0.6421800947867299,
          "recall": 0.23640593195696424
        },
        "accuracy": {
          "balanced_accuracy": 0.6034884853704134,
          "accuracy": 0.8365016992353441,
          "specificity": 0.9705710387838627,
          "sensitivity": 0.23640593195696424
        },
        "error_rate": {
          "insertion_rate": 0.13172433847048562,
          "error_rate": 0.8953184065135213,
          "deletion_rate": 0.7635940680430358
        }
      },
      "car_horn": {
        "count": {
          "Nref": 3315.0,
          "Nsys": 2763.0
        },
        "f_measure": {
          "f_measure": 0.41757156959526154,
          "precision": 0.4592833876221498,
          "recall": 0.38280542986425337
        },
        "accuracy": {
          "balanced_accuracy": 0.6432619660760334,
          "accuracy": 0.8120220900594732,
          "specificity": 0.9037185022878134,
          "sensitivity": 0.38280542986425337
        },
        "error_rate": {
          "insertion_rate": 0.4506787330316742,
          "error_rate": 1.0678733031674208,
          "deletion_rate": 0.6171945701357466
        }
      },
      "drilling": {
        "count": {
          "Nref": 4032.0,
          "Nsys": 3771.0
        },
        "f_measure": {
          "f_measure": 0.41727540689478404,
          "precision": 0.4317157252718112,
          "recall": 0.4037698412698413
        },
        "accuracy": {
          "balanced_accuracy": 0.6294862719862719,
          "accuracy": 0.7585492778249787,
          "specificity": 0.8552027027027027,
          "sensitivity": 0.4037698412698413
        },
        "error_rate": {
          "insertion_rate": 0.5314980158730159,
          "error_rate": 1.1277281746031746,
          "deletion_rate": 0.5962301587301587
        }
      },
      "dog_bark": {
        "count": {
          "Nref": 3885.0,
          "Nsys": 2892.0
        },
        "f_measure": {
          "f_measure": 0.3913235945108455,
          "precision": 0.45850622406639,
          "recall": 0.3413127413127413
        },
        "accuracy": {
          "balanced_accuracy": 0.6182712766575749,
          "accuracy": 0.7809579439252337,
          "specificity": 0.8952298120024085,
          "sensitivity": 0.3413127413127413
        },
        "error_rate": {
          "insertion_rate": 0.40308880308880307,
          "error_rate": 1.0617760617760617,
          "deletion_rate": 0.6586872586872586
        }
      },
      "children_playing": {
        "count": {
          "Nref": 4081.0,
          "Nsys": 2032.0
        },
        "f_measure": {
          "f_measure": 0.3052511042041551,
          "precision": 0.45915354330708663,
          "recall": 0.22862043616760597
        },
        "accuracy": {
          "balanced_accuracy": 0.577058506335447,
          "accuracy": 0.7744796091758709,
          "specificity": 0.9254965765032879,
          "sensitivity": 0.22862043616760597
        },
        "error_rate": {
          "insertion_rate": 0.2692967409948542,
          "error_rate": 1.0406763048272483,
          "deletion_rate": 0.771379563832394
        }
      },
      "jackhammer": {
        "count": {
          "Nref": 3898.0,
          "Nsys": 1973.0
        },
        "f_measure": {
          "f_measure": 0.5934253108499404,
          "precision": 0.8829194120628484,
          "recall": 0.4468958440225757
        },
        "accuracy": {
          "balanced_accuracy": 0.7157138922804722,
          "accuracy": 0.8732476635514018,
          "specificity": 0.9845319405383688,
          "sensitivity": 0.4468958440225757
        },
        "error_rate": {
          "insertion_rate": 0.05926115956900975,
          "error_rate": 0.6123653155464341,
          "deletion_rate": 0.5531041559774243
        }
      }
    },
    "class_wise_average": {
      "f_measure": {
        "f_measure": 0.3279738856441258,
        "precision": 0.587383426326295,
        "recall": 0.253247383305059
      },
      "accuracy": {
        "sensitivity": 0.253247383305059,
        "accuracy": 0.8049490229396772,
        "specificity": 0.9479129207686455,
        "balanced_accuracy": 0.6005801520368523
      },
      "error_rate": {
        "insertion_rate": 0.20530316891743255,
        "error_rate": 0.9520557856123737,
        "deletion_rate": 0.746752616694941
      }
    },
    "overall": {
      "f_measure": {
        "f_measure": 0.34517060648197667,
        "precision": 0.553421368547419,
        "recall": 0.25079661148674903
      },
      "accuracy": {
        "balanced_accuracy": 0.5993094325876629,
        "accuracy": 0.8049490229396772,