{
  "strong": {
    "class_wise": {
      "air_conditioner": {
        "f_measure": {
          "precision": 0.5835616438356165,
          "recall": 0.05425369332654101,
          "f_measure": 0.09927755767886273
        },
        "count": {
          "Nsys": 365.0,
          "Nref": 3926.0
        },
        "accuracy": {
          "balanced_accuracy": 0.522002099529083,
          "sensitivity": 0.05425369332654101,
          "accuracy": 0.7939326082320324,
          "specificity": 0.989750505731625
        },
        "error_rate": {
          "deletion_rate": 0.9457463066734589,
          "insertion_rate": 0.03871625063678044,
          "error_rate": 0.9844625573102394
        }
      },
      "children_playing": {
        "f_measure": {
          "precision": 0.5971277399848829,
          "recall": 0.1935800049007596,
          "f_measure": 0.29237601776461875
        },
        "count": {
          "Nsys": 1323.0,
          "Nref": 4081.0
        },
        "accuracy": {
          "balanced_accuracy": 0.5786298661641788,
          "sensitivity": 0.1935800049007596,
          "accuracy": 0.7961185753892088,
          "specificity": 0.963679727427598
        },
        "error_rate": {
          "deletion_rate": 0.8064199950992403,
          "insertion_rate": 0.13060524381279098,
          "error_rate": 0.9370252389120313
        }
      },
      "siren": {
        "f_measure": {
          "precision": 0.844855305466238,
          "recall": 0.26261869065467264,
          "f_measure": 0.40068623713305374
        },
        "count": {
          "Nsys": 1244.0,
          "Nref": 4002.0
        },
        "accuracy": {
          "balanced_accuracy": 0.6247687461677863,
          "sensitivity": 0.26261869065467264,
          "accuracy": 0.8323736404350608,
          "specificity": 0.9869188016809001
        },
        "error_rate": {
          "deletion_rate": 0.7373813093453273,
          "insertion_rate": 0.04822588705647177,
          "error_rate": 0.7856071964017991
        }
      },
      "engine_idling": {
        "f_measure": {
          "precision": 0.7365079365079366,
          "recall": 0.11493683428288333,
          "f_measure": 0.198842939790015
        },
        "count": {
          "Nsys": 630.0,
          "Nref": 4037.0
        },
        "accuracy": {
          "balanced_accuracy": 0.5518294471027162,
          "sensitivity": 0.11493683428288333,
          "accuracy": 0.8006504585199403,
          "specificity": 0.9887220599225491
        },
        "error_rate": {
          "deletion_rate": 0.8850631657171166,
          "insertion_rate": 0.04111964329947981,
          "error_rate": 0.9261828090165964
        }
      },
      "street_music": {
        "f_measure": {
          "precision": 0.8140770252324038,
          "recall": 0.1537882589061716,
          "f_measure": 0.25870436801012875
        },
        "count": {
          "Nsys": 753.0,
          "Nref": 3986.0
        },
        "accuracy": {
          "balanced_accuracy": 0.5721547929601948,
          "sensitivity": 0.1537882589061716,
          "accuracy": 0.8126999360204734,
          "specificity": 0.990521327014218
        },
        "error_rate": {
          "deletion_rate": 0.8462117410938284,
          "insertion_rate": 0.035122930255895635,
          "error_rate": 0.881334671349724
        }
      },
      "car_horn": {
        "f_measure": {
          "precision": 0.5882708585247884,
          "recall": 0.29351432880844647,
          "f_measure": 0.3916280941839404
        },
        "count": {
          "Nsys": 1654.0,
          "Nref": 3315.0
        },
        "accuracy": {
          "balanced_accuracy": 0.6247054838135879,
          "sensitivity": 0.29351432880844647,
          "accuracy": 0.8388249093623373,
          "specificity": 0.9558966388187293
        },
        "error_rate": {
          "deletion_rate": 0.7064856711915536,
          "insertion_rate": 0.20542986425339366,
          "error_rate": 0.9119155354449473
        }
      },
      "drilling": {
        "f_measure": {
          "precision": 0.6022602989427635,
          "recall": 0.4097222222222222,
          "f_measure": 0.48767527675276756
        },
        "count": {
          "Nsys": 2743.0,
          "Nref": 4032.0
        },
        "accuracy": {
          "balanced_accuracy": 0.6678127546862266,
          "sensitivity": 0.4097222222222222,
          "accuracy": 0.8149392194497761,
          "specificity": 0.925903287150231
        },
        "error_rate": {
          "deletion_rate": 0.5902777777777778,
          "insertion_rate": 0.27058531746031744,
          "error_rate": 0.8608630952380952
        }
      },
      "dog_bark": {
        "f_measure": {
          "precision": 0.6957903097696585,
          "recall": 0.2254826254826255,
          "f_measure": 0.3405909797822706
        },
        "count": {
          "Nsys": 1259.0,
          "Nref": 3885.0
        },
        "accuracy": {
          "balanced_accuracy": 0.5998639003278906,
          "sensitivity": 0.2254826254826255,
          "accuracy": 0.8191512049477501,
          "specificity": 0.9742451751731558
        },
        "error_rate": {
          "deletion_rate": 0.7745173745173746,
          "insertion_rate": 0.09858429858429858,
          "error_rate": 0.8731016731016732
        }
      },
      "gun_shot": {
        "f_measure": {
          "precision": 0.8993377483443709,
          "recall": 0.19744111660366387,
          "f_measure": 0.32379589890319505
        },
        "count": {
          "Nsys": 755.0,
          "Nref": 3439.0
        },
        "accuracy": {
          "balanced_accuracy": 0.5962396547306366,
          "sensitivity": 0.19744111660366387,
          "accuracy": 0.8487950522499467,
          "specificity": 0.9950381928576092
        },
        "error_rate": {
          "deletion_rate": 0.8025588833963362,
          "insertion_rate": 0.022099447513812154,
          "error_rate": 0.8246583309101483
        }
      },
      "jackhammer": {
        "f_measure": {
          "precision": 0.826112759643917,
          "recall": 0.35710620831195483,
          "f_measure": 0.4986566362170876
        },
        "count": {
          "Nsys": 1685.0,
          "Nref": 3898.0
        },
        "accuracy": {
          "balanced_accuracy": 0.6686930960795203,
          "sensitivity": 0.35710620831195483,
          "accuracy": 0.8507677543186181,
          "specificity": 0.9802799838470857
        },
        "error_rate": {
          "deletion_rate": 0.6428937916880452,
          "insertion_rate": 0.07516675218060544,
          "error_rate": 0.7180605438686506
        }
      }
    },
    "class_wise_average": {
      "f_measure": {
        "precision": 0.7187901626252576,
        "recall": 0.22624439834999413,
        "f_measure": 0.329223400621594
      },
      "accuracy": {
        "balanced_accuracy": 0.6006699841561821,
        "sensitivity": 0.22624439834999413,
        "accuracy": 0.8208253358925143,
        "specificity": 0.97509556996237
      },
      "error_rate": {
        "deletion_rate": 0.7737556016500058,
        "insertion_rate": 0.09656556350538459,
        "error_rate": 0.8703211651553906
      }
    },
    "overall": {
      "f_measure": {
        "precision": 0.7012327773749093,
        "recall": 0.22546048029843788,
        "f_measure": 0.3412138320395201
      },
      "accuracy": {
        "balanced_accuracy": 0.6002838622868542,
        "sensitivity": 0.22546048029843788,
        "accuracy": 0.8208253358925144,
        "specificity": 0.9751072442752704
      },
      "error_rate": {
        "deletion_rate": 0.7000336778839926,
        "substitution_rate": 0.07450584181756949,
        "insertion_rate": 0.021553845755291314,
        "error_rate": 0.7960933654568534
      }
    }
  },
  "weak": {
    "weighted": {
      "f1": 0.5974170776663492,
      "precision": 0.76865017142385,
      "recall": 0.5146715138924954
    },
    "samples": {
      "f1": 0.5869500804750806,