{
  "weak": {
    "samples": {
      "f1": 0.703582973970474,
      "precision": 0.7714434523809522,
      "recall": 0.6841888888888888
    },
    "micro": {
      "f1": 0.7168997425728797,
      "precision": 0.7722980062959076,
      "recall": 0.6689171643728902
    },
    "macro": {
      "f1": 0.7128180175652744,
      "precision": 0.7700300487261893,
      "recall": 0.6692295425763739
    },
    "weighted": {
      "f1": 0.7130972568327717,
      "precision": 0.7709689176577962,
      "recall": 0.6689171643728902
    }
  },
  "strong": {
    "class_wise": {
      "air_conditioner": {
        "count": {
          "Nsys": 989.0,
          "Nref": 3926.0
        },
        "accuracy": {
          "specificity": 0.9700371998647278,
          "sensitivity": 0.1390728476821192,
          "accuracy": 0.7956816845705734,
          "balanced_accuracy": 0.5545550237734235
        },
        "error_rate": {
          "deletion_rate": 0.8609271523178808,
          "error_rate": 0.9737646459500764,
          "insertion_rate": 0.11283749363219561
        },
        "f_measure": {
          "precision": 0.5520728008088979,
          "recall": 0.1390728476821192,
          "f_measure": 0.22217700915564598
        }
      },
      "engine_idling": {
        "count": {
          "Nsys": 1176.0,
          "Nref": 4037.0
        },
        "accuracy": {
          "specificity": 0.9772386534005725,
          "sensitivity": 0.20857072083230122,
          "accuracy": 0.8113943669499225,
          "balanced_accuracy": 0.5929046871164368
        },
        "error_rate": {
          "deletion_rate": 0.7914292791676988,
          "error_rate": 0.8741639831558088,
          "insertion_rate": 0.08273470398810999
        },
        "f_measure": {
          "precision": 0.7159863945578231,
          "recall": 0.20857072083230122,
          "f_measure": 0.3230385574525225
        }
      },
      "street_music": {
        "count": {
          "Nsys": 1603.0,
          "Nref": 3986.0
        },
        "accuracy": {
          "specificity": 0.9739898132427843,
          "sensitivity": 0.30607124937280483,
          "accuracy": 0.8317032761477205,
          "balanced_accuracy": 0.6400305313077945
        },
        "error_rate": {
          "deletion_rate": 0.6939287506271952,
          "error_rate": 0.7900150526843954,
          "insertion_rate": 0.0960863020572002
        },
        "f_measure": {
          "precision": 0.7610729881472239,
          "recall": 0.30607124937280483,
          "f_measure": 0.4365718375380211
        }
      },
      "drilling": {
        "count": {
          "Nsys": 1527.0,
          "Nref": 4032.0
        },
        "accuracy": {
          "specificity": 0.9713195721779413,
          "sensitivity": 0.2743055555555556,
          "accuracy": 0.82112126556571,
          "balanced_accuracy": 0.6228125638667484
        },
        "error_rate": {
          "deletion_rate": 0.7256944444444444,
          "error_rate": 0.830109126984127,
          "insertion_rate": 0.10441468253968254
        },
        "f_measure": {
          "precision": 0.7242960052390308,
          "recall": 0.2743055555555556,
          "f_measure": 0.39791329375787016
        }
      },
      "car_horn": {
        "count": {
          "Nsys": 1337.0,
          "Nref": 3315.0
        },
        "accuracy": {
          "specificity": 0.9897375941803066,
          "sensitivity": 0.3556561085972851,
          "accuracy": 0.8773983218427663,
          "balanced_accuracy": 0.6726968513887959
        },
        "error_rate": {
          "deletion_rate": 0.644343891402715,
          "error_rate": 0.6920060331825038,
          "insertion_rate": 0.047662141779788836
        },
        "f_measure": {
          "precision": 0.8818249813014211,
          "recall": 0.3556561085972851,
          "f_measure": 0.506878761822872
        }
      },
      "children_playing": {
        "count": {
          "Nsys": 1667.0,
          "Nref": 4081.0
        },
        "accuracy": {
          "specificity": 0.9620642515379357,
          "sensitivity": 0.27248223474638567,
          "accuracy": 0.8116615894393672,
          "balanced_accuracy": 0.6172732431421607
        },
        "error_rate": {
          "deletion_rate": 0.7275177652536143,
          "error_rate": 0.8635138446459202,
          "insertion_rate": 0.13599607939230582
        },
        "f_measure": {
          "precision": 0.6670665866826635,
          "recall": 0.27248223474638567,
          "f_measure": 0.3869171885873347
        }
      },
      "siren": {
        "count": {
          "Nsys": 1569.0,
          "Nref": 4002.0
        },
        "accuracy": {
          "specificity": 0.9861309402406689,
          "sensitivity": 0.3410794602698651,
          "accuracy": 0.8481641814975148,
          "balanced_accuracy": 0.663605200255267
        },
        "error_rate": {
          "deletion_rate": 0.658920539730135,
          "error_rate": 0.7098950524737632,
          "insertion_rate": 0.050974512743628186
        },
        "f_measure": {
          "precision": 0.869980879541109,
          "recall": 0.3410794602698651,
          "f_measure": 0.49003769520732365
        }
      },
      "gun_shot": {
        "count": {
          "Nsys": 1232.0,
          "Nref": 3439.0
        },
        "accuracy": {
          "specificity": 0.981076479832373,
          "sensitivity": 0.2742076184937482,
          "accuracy": 0.8511570733792956,
          "balanced_accuracy": 0.6276420491630605
        },
        "error_rate": {
          "deletion_rate": 0.7257923815062518,
          "error_rate": 0.8098284384995638,
          "insertion_rate": 0.08403605699331201
        },
        "f_measure": {
          "precision": 0.765422077922078,
          "recall": 0.2742076184937482,
          "f_measure": 0.4037679297794905
        }
      },
      "jackhammer": {
        "count": {
          "Nsys": 2470.0,
          "Nref": 3898.0
        },
        "accuracy": {
          "specificity": 0.9719840680483359,
          "sensitivity": 0.5271934325295023,
          "accuracy": 0.8793223237667682,
          "balanced_accuracy": 0.7495887502889191
        },
        "error_rate": {
          "deletion_rate": 0.4728065674704977,
          "error_rate": 0.5792714212416624,
          "insertion_rate": 0.1064648537711647
        },
        "f_measure": {
          "precision": 0.8319838056680162,
          "recall": 0.5271934325295023,
          "f_measure": 0.6454145728643217
        }
      },
      "dog_bark": {
        "count": {
          "Nsys": 1422.0,
          "Nref": 3885.0
        },
        "accuracy": {
          "specificity": 0.9784162956967489,
          "sensitivity": 0.28365508365508363,
          "accuracy": 0.834161723050612,
          "balanced_accuracy": 0.6310356896759163
        },
        "error_rate": {
          "deletion_rate": 0.7163449163449164,
          "error_rate": 0.7987129987129987,
          "insertion_rate": 0.08236808236808237
        },
        "f_measure": {
          "precision": 0.7749648382559775,
          "recall": 0.28365508365508363,
          "f_measure": 0.41530054644808745
        }
      }
    },
    "overall": {
      "accuracy": {
        "specificity": 0.9762842656000646,
        "sensitivity": 0.2971425610735473,
        "accuracy": 0.8361765806210251,
        "balanced_accuracy": 0.636713413336806
      },
      "error_rate": {
        "deletion_rate": 0.6323670371233906,
        "insertion_rate": 0.020750757752389836,
        "error_rate": 0.7236081966788426,
        "substitution_rate": 0.0704904018030621
      },
      "f_measure": {
        "precision": 0.7650747065101388,
        "recall": 0.2971425610735473,
        "f_measure": 0.4280409755005318
      }
    },
    "class_wise_average": {
      "accuracy": {
        "accuracy": 0.8361765806210251,
        "sensitivity": 0.2982294311734651,
        "specificity": 0.9761994868222394,
        "balanced_accuracy": 0.6372144589978523
      },