{
  "weak": {
    "samples": {
      "f1": 0.7294870172311348,
      "precision": 0.7525331349206349,
      "recall": 0.7430549603174603
    },
    "weighted": {
      "f1": 0.7303772920502795,
      "precision": 0.7387727795754414,
      "recall": 0.7277330563490002
    },
    "micro": {
      "f1": 0.7319621286320599,
      "precision": 0.7362406410088007,
      "recall": 0.7277330563490002
    },
    "macro": {
      "f1": 0.7299539088673328,
      "precision": 0.737784144303754,
      "recall": 0.7279487867163141
    }
  },
  "strong": {
    "class_wise": {
      "car_horn": {
        "error_rate": {
          "error_rate": 1.9164404223227751,
          "deletion_rate": 0.3502262443438914,
          "insertion_rate": 1.5662141779788838
        },
        "f_measure": {
          "f_measure": 0.40408967263858925,
          "precision": 0.2932208004356112,
          "recall": 0.6497737556561086
        },
        "accuracy": {
          "sensitivity": 0.6497737556561086,
          "balanced_accuracy": 0.6689990498090788,
          "specificity": 0.6882243439620489,
          "accuracy": 0.6818409455128205
        },
        "count": {
          "Nref": 3315.0,
          "Nsys": 7346.0
        }
      },
      "street_music": {
        "error_rate": {
          "error_rate": 1.7433517310587057,
          "deletion_rate": 0.3243853487205218,
          "insertion_rate": 1.4189663823381837
        },
        "f_measure": {
          "f_measure": 0.43664369679773,
          "precision": 0.3225535992334411,
          "recall": 0.6756146512794782
        },
        "accuracy": {
          "sensitivity": 0.6756146512794782,
          "balanced_accuracy": 0.6608582579385753,
          "specificity": 0.6461018645976724,
          "accuracy": 0.6519931891025641
        },
        "count": {
          "Nref": 3986.0,
          "Nsys": 8349.0
        }
      },
      "siren": {
        "error_rate": {
          "error_rate": 1.4935032483758122,
          "deletion_rate": 0.37756121939030485,
          "insertion_rate": 1.1159420289855073
        },
        "f_measure": {
          "f_measure": 0.4546035222191806,
          "precision": 0.3580566336064396,
          "recall": 0.6224387806096952
        },
        "accuracy": {
          "sensitivity": 0.6224387806096952,
          "balanced_accuracy": 0.6713596884383813,
          "specificity": 0.7202805962670675,
          "accuracy": 0.7006710737179487
        },
        "count": {
          "Nref": 4002.0,
          "Nsys": 6957.0
        }
      },
      "drilling": {
        "error_rate": {
          "error_rate": 1.7822420634920635,
          "deletion_rate": 0.376984126984127,
          "insertion_rate": 1.4052579365079365
        },
        "f_measure": {
          "f_measure": 0.41146601146601147,
          "precision": 0.30716556615309365,
          "recall": 0.623015873015873
        },
        "accuracy": {
          "sensitivity": 0.623015873015873,
          "balanced_accuracy": 0.6337343421304265,
          "specificity": 0.6444528112449799,
          "accuracy": 0.6401241987179487
        },
        "count": {
          "Nref": 4032.0,
          "Nsys": 8178.0
        }
      },
      "jackhammer": {
        "error_rate": {
          "error_rate": 1.8417136993329912,
          "deletion_rate": 0.24166239096972805,
          "insertion_rate": 1.6000513083632633
        },
        "f_measure": {
          "f_measure": 0.45160797494461846,
          "precision": 0.321549004677472,
          "recall": 0.7583376090302719
        },
        "accuracy": {
          "sensitivity": 0.7583376090302719,
          "balanced_accuracy": 0.6851115549818441,
          "specificity": 0.6118855009334163,
          "accuracy": 0.6404747596153846
        },
        "count": {
          "Nref": 3898.0,
          "Nsys": 9193.0
        }
      },
      "dog_bark": {
        "error_rate": {
          "error_rate": 1.8615186615186616,
          "deletion_rate": 0.37374517374517374,
          "insertion_rate": 1.4877734877734878
        },
        "f_measure": {
          "f_measure": 0.40221524218879146,
          "precision": 0.29623767198344086,
          "recall": 0.6262548262548262
        },
        "accuracy": {
          "sensitivity": 0.6262548262548262,
          "balanced_accuracy": 0.6334345697524209,
          "specificity": 0.6406143132500155,
          "accuracy": 0.6378205128205128
        },
        "count": {
          "Nref": 3885.0,
          "Nsys": 8213.0
        }
      },
      "engine_idling": {
        "error_rate": {
          "error_rate": 1.504830319544216,
          "deletion_rate": 0.4448848154570225,
          "insertion_rate": 1.0599455040871935
        },
        "f_measure": {
          "f_measure": 0.4245524296675192,
          "precision": 0.3437116564417178,
          "recall": 0.5551151845429775
        },
        "accuracy": {
          "sensitivity": 0.5551151845429775,
          "balanced_accuracy": 0.6432596825357534,
          "specificity": 0.7314041805285293,
          "accuracy": 0.6957632211538461
        },
        "count": {
          "Nref": 4037.0,
          "Nsys": 6520.0
        }
      },
      "air_conditioner": {
        "error_rate": {
          "error_rate": 1.7264391237901173,
          "deletion_rate": 0.5305654610290372,
          "insertion_rate": 1.19587366276108
        },
        "f_measure": {
          "f_measure": 0.35225535168195715,
          "precision": 0.2818904863872744,
          "recall": 0.4694345389709628
        },
        "accuracy": {
          "sensitivity": 0.4694345389709628,
          "balanced_accuracy": 0.5883826478672293,
          "specificity": 0.7073307567634958,
          "accuracy": 0.6605568910256411
        },
        "count": {
          "Nref": 3926.0,
          "Nsys": 6538.0
        }
      },
      "gun_shot": {
        "error_rate": {
          "error_rate": 1.8406513521372494,
          "deletion_rate": 0.34952020936318695,
          "insertion_rate": 1.4911311427740623
        },
        "f_measure": {
          "f_measure": 0.4141058867086264,
          "precision": 0.30373387644263405,
          "recall": 0.650479790636813
        },
        "accuracy": {
          "sensitivity": 0.650479790636813,
          "balanced_accuracy": 0.6701185933642653,
          "specificity": 0.6897573960917176,
          "accuracy": 0.6829927884615384
        },
        "count": {
          "Nref": 3439.0,
          "Nsys": 7365.0
        }
      },
      "children_playing": {
        "error_rate": {
          "error_rate": 1.7485910316098996,
          "deletion_rate": 0.32835089438863024,
          "insertion_rate": 1.4202401372212694
        },
        "f_measure": {
          "f_measure": 0.4344587097796799,
          "precision": 0.3210729764554293,
          "recall": 0.6716491056113698
        },
        "accuracy": {
          "sensitivity": 0.6716491056113698,
          "balanced_accuracy": 0.6534112589176003,
          "specificity": 0.6351734122238308,
          "accuracy": 0.6426282051282052
        },
        "count": {
          "Nref": 4081.0,
          "Nsys": 8537.0
        }
      }
    },
    "overall": {
      "error_rate": {
        "error_rate": 1.5846480661122768,
        "deletion_rate": 0.2143467785808658,
        "substitution_rate": 0.1561099453382037,
        "insertion_rate": 1.2141913421932073
      },
      "f_measure": {
        "f_measure": 0.4197172638323963,
        "precision": 0.31479610342504794,
        "recall": 0.6295432760809305
      },
      "accuracy": {
        "sensitivity": 0.6295432760809305,
        "balanced_accuracy": 0.6505820167987143,
        "specificity": 0.6716207575164981,
        "accuracy": 0.6634865785256411
      }
    },
    "class_wise_average": {
      "error_rate": {
        "error_rate": 1.745928165318249,
        "deletion_rate": 0.3697885884391624,
        "insertion_rate": 1.3761395768790867
      },
      "f_measure": {
        "f_measure": 0.41859984980927034,