{"strong": {"class_wise_average": {"f_measure": {"f_measure": 0.3981820013340732, "precision": 0.47022120162702347, "recall": 0.4088649220332311}, "accuracy": {"balanced_accuracy": 0.6848263017710405, "sensitivity": 0.4088649220332311, "accuracy": 0.9327485020362465, "specificity": 0.96078768150885}, "error_rate": {"error_rate": 1.187948046167072, "deletion_rate": 0.5911350779667689, "insertion_rate": 0.596812968200303}}, "overall": {"f_measure": {"f_measure": 0.40561113527620707, "precision": 0.38556956791399627, "recall": 0.4278504244092682}, "accuracy": {"sensitivity": 0.4278504244092682, "balanced_accuracy": 0.6946059371324793, "accuracy": 0.9327485020362464, "specificity": 0.9613614498556905}, "error_rate": {"substitution_rate": 0.3262216104611149, "error_rate": 0.9277357192016518, "deletion_rate": 0.24592796512961687, "insertion_rate": 0.35558614361091995}}, "class_wise": {"Train horn": {"f_measure": {"f_measure": 0.5652173913043478, "precision": 0.6446280991735537, "recall": 0.5032258064516129}, "error_rate": {"error_rate": 0.7741935483870968, "deletion_rate": 0.4967741935483871, "insertion_rate": 0.27741935483870966}, "count": {"Nsys": 121.0, "Nref": 155.0}, "accuracy": {"sensitivity": 0.5032258064516129, "balanced_accuracy": 0.7469652594731043, "accuracy": 0.9749006483999163, "specificity": 0.9907047124945958}}, "Bus": {"f_measure": {"f_measure": 0.16152019002375298, "precision": 0.23943661971830985, "recall": 0.12186379928315412}, "error_rate": {"error_rate": 1.2652329749103943, "deletion_rate": 0.8781362007168458, "insertion_rate": 0.3870967741935484}, "count": {"Nsys": 142.0, "Nref": 279.0}, "accuracy": {"sensitivity": 0.12186379928315412, "balanced_accuracy": 0.5489372306055931, "accuracy": 0.9261660740430873, "specificity": 0.976010661928032}}, "Train": {"f_measure": {"f_measure": 0.5743145743145743, "precision": 0.621875, "recall": 0.5335120643431636}, "error_rate": {"error_rate": 0.7908847184986595, "deletion_rate": 0.46648793565683644, "insertion_rate": 0.32439678284182305}, "count": {"Nsys": 320.0, "Nref": 373.0}, "accuracy": {"sensitivity": 0.5335120643431636, "balanced_accuracy": 0.753030986799531, "accuracy": 0.938297427316461, "specificity": 0.9725499092558983}}, "Reversing beeps": {"f_measure": {"f_measure": 0.5369649805447471, "precision": 0.8518518518518519, "recall": 0.39204545454545453}, "error_rate": {"error_rate": 0.6761363636363635, "deletion_rate": 0.6079545454545454, "insertion_rate": 0.06818181818181818}, "count": {"Nsys": 81.0, "Nref": 176.0}, "accuracy": {"sensitivity": 0.39204545454545453, "balanced_accuracy": 0.6947197956766361, "accuracy": 0.9751098096632503, "specificity": 0.9973941368078176}}, "Motorcycle": {"f_measure": {"f_measure": 0.35073068893528186, "precision": 0.3146067415730337, "recall": 0.39622641509433965}, "error_rate": {"error_rate": 1.4669811320754715, "deletion_rate": 0.6037735849056604, "insertion_rate": 0.8632075471698113}, "count": {"Nsys": 267.0, "Nref": 212.0}, "accuracy": {"sensitivity": 0.39622641509433965, "balanced_accuracy": 0.678086943594445, "accuracy": 0.9349508471031165, "specificity": 0.9599474720945502}}, "Police car (siren)": {"f_measure": {"f_measure": 0.5157421289355323, "precision": 0.43434343434343436, "recall": 0.6346863468634686}, "error_rate": {"error_rate": 1.1918819188191883, "deletion_rate": 0.36531365313653136, "insertion_rate": 0.8265682656826568}, "count": {"Nsys": 396.0, "Nref": 271.0}, "accuracy": {"sensitivity": 0.6346863468634686, "balanced_accuracy": 0.7925094705492509, "accuracy": 0.9324409119431082, "specificity": 0.9503325942350332}}, "Air horn, truck horn": {"f_measure": {"f_measure": 0.43986254295532645, "precision": 0.6464646464646465, "recall": 0.3333333333333333}, "error_rate": {"error_rate": 0.8489583333333333, "deletion_rate": 0.6666666666666666, "insertion_rate": 0.18229166666666666}, "count": {"Nsys": 99.0, "Nref": 192.0}, "accuracy": {"sensitivity": 0.3333333333333333, "balanced_accuracy": 0.6628531996803951, "accuracy": 0.965906714076553, "specificity": 0.992373066027457}}, "Skateboard": {"f_measure": {"f_measure": 0.5547445255474451, "precision": 0.5327102803738317, "recall": 0.5786802030456852}, "error_rate": {"error_rate": 0.9289340101522843, "deletion_rate": 0.4213197969543147, "insertion_rate": 0.5076142131979695}, "count": {"Nsys": 214.0, "Nref": 197.0}, "accuracy": {"sensitivity": 0.5786802030456852, "balanced_accuracy": 0.7784325971598409, "accuracy": 0.9617234888098725, "specificity": 0.9781849912739965}}, "Truck": {"f_measure": {"f_measure": 0.36363636363636365, "precision": 0.3875598086124402, "recall": 0.34249471458773784}, "error_rate": {"error_rate": 1.1987315010570825, "deletion_rate": 0.6575052854122622, "insertion_rate": 0.5412262156448203}, "count": {"Nsys": 418.0, "Nref": 473.0}, "accuracy": {"sensitivity": 0.34249471458773784, "balanced_accuracy": 0.6415351938769701, "accuracy": 0.8814055636896047, "specificity": 0.9405756731662024}}, "Car": {"f_measure": {"f_measure": 0.28198149156232993, "precision": 0.17679180887372015, "recall": 0.696236559139785}, "error_rate": {"error_rate": 3.5456989247311825, "deletion_rate": 0.30376344086021506, "insertion_rate": 3.2419354838709675}, "count": {"Nsys": 1465.0, "Nref": 372.0}, "accuracy": {"sensitivity": 0.696236559139785, "balanced_accuracy": 0.7113525730604799, "accuracy": 0.7241162936624137, "specificity": 0.7264685869811749}}, "Screaming": {"f_measure": {"f_measure": 0.3661016949152543, "precision": 0.574468085106383, "recall": 0.26865671641791045}, "error_rate": {"error_rate": 0.9303482587064676, "deletion_rate": 0.7313432835820896, "insertion_rate": 0.19900497512437812}, "count": {"Nsys": 94.0, "Nref": 201.0}, "accuracy": {"sensitivity": 0.26865671641791045, "balanced_accuracy": 0.629961545981881, "accuracy": 0.9608868437565363, "specificity": 0.9912663755458515}}, "Civil defense siren": {"f_measure": {"f_measure": 0.7846153846153847, "precision": 0.7083333333333334, "recall": 0.8793103448275862}, "error_rate": {"error_rate": 0.4827586206896552, "deletion_rate": 0.1206896551724138, "insertion_rate": 0.3620689655172414}, "count": {"Nsys": 360.0, "Nref": 290.0}, "accuracy": {"sensitivity": 0.8793103448275862, "balanced_accuracy": 0.9279651256536061, "accuracy": 0.9707174231332357, "specificity": 0.9766199064796259}}, "Fire engine, fire truck (siren)": {"f_measure": {"f_measure": 0.49608355091383805, "precision": 0.42696629213483145, "recall": 0.5919003115264797}, "error_rate": {"error_rate": 1.2024922118380061, "deletion_rate": 0.40809968847352024, "insertion_rate": 0.794392523364486}, "count": {"Nsys": 445.0, "Nref": 321.0}, "accuracy": {"sensitivity": 0.5919003115264797, "balanced_accuracy": 0.7673627118170515, "accuracy": 0.9192637523530642, "specificity": 0.9428251121076233}}, "Car alarm": {"f_measure": {"f_measure": 0.16999999999999998, "precision": 0.4722222222222222, "recall": 0.10365853658536585}, "error_rate": {"error_rate": 1.0121951219512195, "deletion_rate": 0.8963414634146342, "insertion_rate": 0.11585365853658537}, "count": {"Nsys": 36.0, "Nref": 164.0}, "accuracy": {"sensitivity": 0.10365853658536585, "balanced_accuracy": 0.5497716551239586, "accuracy": 0.9652792302865509, "specificity": 0.9958847736625515}}, "Bicycle": {"f_measure": {"f_measure": 0.29556650246305416, "precision": 0.24489795918367346, "recall": 0.37267080745341613}, "error_rate": {"error_rate": 1.7763975155279503, "deletion_rate": 0.6273291925465838, "insertion_rate": 1.1490683229813665}, "count": {"Nsys": 245.0, "Nref": 161.0}, "accuracy": {"sensitivity": 0.37267080745341613, "balanced_accuracy": 0.666313758705063, "accuracy": 0.9401798786864672, "specificity": 0.95995670995671}}, "Ambulance (siren)": {"f_measure": {"f_measure": 0.2444444444444444, "precision": 0.4943820224719101, "recall": 0.16236162361623616}, "error_rate": {"error_rate": 1.003690036900369, "deletion_rate": 0.8376383763837638, "insertion_rate": 0.16605166051660517}, "count": {"Nsys": 89.0, "Nref": 271.0},