{
  "strong": {
    "class_wise_average": {
      "error_rate": {
        "error_rate": 0.9389141547396759,
        "deletion_rate": 0.9003423846289036,
        "insertion_rate": 0.03857177011077238
      },
      "f_measure": {
        "f_measure": 0.17300866407187518,
        "precision": 0.7905767565062611,
        "recall": 0.09965761537109645
      },
      "accuracy": {
        "specificity": 0.994988014123563,
        "balanced_accuracy": 0.5473228147473297,
        "accuracy": 0.9475398497186154,
        "sensitivity": 0.09965761537109645
      }
    },
    "overall": {
      "error_rate": {
        "error_rate": 0.8737201365187713,
        "deletion_rate": 0.8006165363866564,
        "insertion_rate": 0.02829461631619509,
        "substitution_rate": 0.04480898381591985
      },
      "f_measure": {
        "f_measure": 0.25181598062953997,
        "precision": 0.6789168278529981,
        "recall": 0.15457447979742375
      },
      "accuracy": {
        "specificity": 0.9955719163465643,
        "balanced_accuracy": 0.575073198071994,
        "accuracy": 0.9475398497186154,
        "sensitivity": 0.15457447979742375
      }
    },
    "class_wise": {
      "Ambulance (siren)": {
        "error_rate": {
          "error_rate": 1.0,
          "deletion_rate": 1.0,
          "insertion_rate": 0.0
        },
        "count": {
          "Nref": 399.0,
          "Nsys": 0.0
        },
        "f_measure": {
          "f_measure": NaN,
          "precision": NaN,
          "recall": 0.0
        },
        "accuracy": {
          "specificity": 1.0,
          "balanced_accuracy": 0.5,
          "accuracy": 0.9573490112239444,
          "sensitivity": 0.0
        }
      },
      "Police car (siren)": {
        "error_rate": {
          "error_rate": 0.9421338155515371,
          "deletion_rate": 0.8372513562386981,
          "insertion_rate": 0.10488245931283906
        },
        "count": {
          "Nref": 553.0,
          "Nsys": 148.0
        },
        "f_measure": {
          "f_measure": 0.25677603423680456,
          "precision": 0.6081081081081081,
          "recall": 0.162748643761302
        },
        "accuracy": {
          "specificity": 0.993410588502613,
          "balanced_accuracy": 0.5780796161319575,
          "accuracy": 0.9443078567610903,
          "sensitivity": 0.162748643761302
        }
      },
      "Fire engine, fire truck (siren)": {
        "error_rate": {
          "error_rate": 0.9621749408983451,
          "deletion_rate": 0.8108747044917257,
          "insertion_rate": 0.15130023640661938
        },
        "count": {
          "Nref": 423.0,
          "Nsys": 144.0
        },
        "f_measure": {
          "f_measure": 0.2821869488536155,
          "precision": 0.5555555555555556,
          "recall": 0.18912529550827423
        },
        "accuracy": {
          "specificity": 0.9928347514554411,
          "balanced_accuracy": 0.5909800234818576,
          "accuracy": 0.9564938535542491,
          "sensitivity": 0.18912529550827423
        }
      },
      "Train": {
        "error_rate": {
          "error_rate": 0.9654850746268657,
          "deletion_rate": 0.9440298507462687,
          "insertion_rate": 0.021455223880597014
        },
        "count": {
          "Nref": 1072.0,
          "Nsys": 83.0
        },
        "f_measure": {
          "f_measure": 0.10389610389610389,
          "precision": 0.7228915662650602,
          "recall": 0.055970149253731345
        },
        "accuracy": {
          "specificity": 0.9972232282989255,
          "balanced_accuracy": 0.5265966887763285,
          "accuracy": 0.8893639764831641,
          "sensitivity": 0.055970149253731345
        }
      },
      "Reversing beeps": {
        "error_rate": {
          "error_rate": 1.0,
          "deletion_rate": 1.0,
          "insertion_rate": 0.0
        },
        "count": {
          "Nref": 228.0,
          "Nsys": 0.0
        },
        "f_measure": {
          "f_measure": NaN,
          "precision": NaN,
          "recall": 0.0
        },
        "accuracy": {
          "specificity": 1.0,
          "balanced_accuracy": 0.5,
          "accuracy": 0.9756280064136825,
          "sensitivity": 0.0
        }
      },
      "Bicycle": {
        "error_rate": {
          "error_rate": 0.9788135593220338,
          "deletion_rate": 0.9788135593220338,
          "insertion_rate": 0.0
        },
        "count": {
          "Nref": 236.0,
          "Nsys": 5.0
        },
        "f_measure": {
          "f_measure": 0.04149377593360996,
          "precision": 1.0,
          "recall": 0.0211864406779661
        },
        "accuracy": {
          "specificity": 1.0,
          "balanced_accuracy": 0.510593220338983,
          "accuracy": 0.9753073222875468,
          "sensitivity": 0.0211864406779661
        }
      },
      "Civil defense siren": {
        "error_rate": {
          "error_rate": 0.5235404896421846,
          "deletion_rate": 0.4218455743879473,
          "insertion_rate": 0.1016949152542373
        },
        "count": {
          "Nref": 531.0,
          "Nsys": 361.0
        },
        "f_measure": {
          "f_measure": 0.6883408071748879,
          "precision": 0.850415512465374,
          "recall": 0.5781544256120528
        },
        "accuracy": {
          "specificity": 0.9938803263825929,
          "balanced_accuracy": 0.7860173759973228,
          "accuracy": 0.9702832709780865,
          "sensitivity": 0.5781544256120528
        }
      },
      "Truck": {
        "error_rate": {
          "error_rate": 0.9986149584487535,
          "deletion_rate": 0.9903047091412742,
          "insertion_rate": 0.008310249307479225
        },
        "count": {
          "Nref": 722.0,
          "Nsys": 13.0
        },
        "f_measure": {
          "f_measure": 0.019047619047619046,
          "precision": 0.5384615384615384,
          "recall": 0.009695290858725761
        },
        "accuracy": {
          "specificity": 0.9993049924707518,
          "balanced_accuracy": 0.5045001416647388,
          "accuracy": 0.9229289150187066,
          "sensitivity": 0.009695290858725761
        }
      },
      "Screaming": {
        "error_rate": {
          "error_rate": 0.9877300613496932,
          "deletion_rate": 0.9815950920245399,
          "insertion_rate": 0.006134969325153374
        },
        "count": {
          "Nref": 326.0,
          "Nsys": 8.0
        },
        "f_measure": {
          "f_measure": 0.03592814371257485,
          "precision": 0.75,
          "recall": 0.018404907975460124
        },
        "accuracy": {
          "specificity": 0.9997784915273009,
          "balanced_accuracy": 0.5090916997513805,
          "accuracy": 0.9655799037947621,
          "sensitivity": 0.018404907975460124
        }
      },
      "Car": {
        "error_rate": {
          "error_rate": 0.8541140837960626,
          "deletion_rate": 0.6304896516910651,
          "insertion_rate": 0.22362443210499747
        },
        "count": {
          "Nref": 1981.0,
          "Nsys": 1175.0
        },
        "f_measure": {
          "f_measure": 0.4638783269961977,
          "precision": 0.6229787234042553,
          "recall": 0.36951034830893487
        },
        "accuracy": {
          "specificity": 0.939924057499322,
          "balanced_accuracy": 0.6547172029041284,
          "accuracy": 0.8191341528594335,
          "sensitivity": 0.36951034830893487
        }
      },
      "Car passing by": {
        "error_rate": {
          "error_rate": 1.0,
          "deletion_rate": 1.0,
          "insertion_rate": 0.0
        },
        "count": {
          "Nref": 323.0,
          "Nsys": 0.0
        },
        "f_measure": {
          "f_measure": NaN,
          "precision": NaN,
          "recall": 0.0
        },
        "accuracy": {
          "specificity": 1.0,
          "balanced_accuracy": 0.5,
          "accuracy": 0.9654730090860503,
          "sensitivity": 0.0
        }
      },