{
  "weak": {
    "micro": {
      "recall": 0.2607407407407407,
      "precision": 0.6641509433962264,
      "f1": 0.37446808510638296
    },
    "macro": {
      "recall": 0.1997357079872317,
      "precision": 0.6444909745124954,
      "f1": 0.25609569275253585
    },
    "weighted": {
      "recall": 0.2607407407407407,
      "precision": 0.6422628850122075,
      "f1": 0.3082357064343308
    },
    "samples": {
      "recall": 0.2734965246297975,
      "precision": 0.2985796313085524,
      "f1": 0.27712299788455724
    }
  },
  "strong": {
    "class_wise_average": {
      "accuracy": {
        "accuracy": 0.9476025174983778,
        "specificity": 0.9953725879801826,
        "balanced_accuracy": 0.5469173639233728,
        "sensitivity": 0.09846213986656292
      },
      "f_measure": {
        "f_measure": 0.17328152265291075,
        "recall": 0.09846213986656292,
        "precision": 0.7862708574249744
      },
      "error_rate": {
        "insertion_rate": 0.03640915907772773,
        "error_rate": 0.9379470192111649,
        "deletion_rate": 0.9015378601334372
      }
    },
    "overall": {
      "accuracy": {
        "accuracy": 0.9476025174983778,
        "specificity": 0.9959036659850581,
        "balanced_accuracy": 0.5738628755995971,
        "sensitivity": 0.1518220852141363
      },
      "f_measure": {
        "f_measure": 0.2490293453724605,
        "recall": 0.1518220852141363,
        "precision": 0.6922690763052208
      },
      "error_rate": {
        "substitution_rate": 0.041726301882637894,
        "insertion_rate": 0.025762413299570627,
        "error_rate": 0.8739403280854343,
        "deletion_rate": 0.8064516129032258
      }
    },
    "class_wise": {
      "Air horn, truck horn": {
        "accuracy": {
          "accuracy": 0.9650851451215594,
          "specificity": 0.9998889259135844,
          "balanced_accuracy": 0.5134175168490077,
          "sensitivity": 0.02694610778443114
        },
        "f_measure": {
          "f_measure": 0.05232558139534884,
          "recall": 0.02694610778443114,
          "precision": 0.9
        },
        "count": {
          "Nsys": 10.0,
          "Nref": 334.0
        },
        "error_rate": {
          "insertion_rate": 0.0029940119760479044,
          "error_rate": 0.9760479041916167,
          "deletion_rate": 0.9730538922155688
        }
      },
      "Reversing beeps": {
        "accuracy": {
          "accuracy": 0.9755810217414587,
          "specificity": 1.0,
          "balanced_accuracy": 0.5,
          "sensitivity": 0.0
        },
        "f_measure": {
          "f_measure": NaN,
          "recall": 0.0,
          "precision": NaN
        },
        "count": {
          "Nsys": 0.0,
          "Nref": 228.0
        },
        "error_rate": {
          "insertion_rate": 0.0,
          "error_rate": 1.0,
          "deletion_rate": 1.0
        }
      },
      "Car passing by": {
        "accuracy": {
          "accuracy": 0.9654064474670665,
          "specificity": 1.0,
          "balanced_accuracy": 0.5,
          "sensitivity": 0.0
        },
        "f_measure": {
          "f_measure": NaN,
          "recall": 0.0,
          "precision": NaN
        },
        "count": {
          "Nsys": 0.0,
          "Nref": 323.0
        },
        "error_rate": {
          "insertion_rate": 0.0,
          "error_rate": 1.0,
          "deletion_rate": 1.0
        }
      },
      "Car alarm": {
        "accuracy": {
          "accuracy": 0.964121238085038,
          "specificity": 1.0,
          "balanced_accuracy": 0.5087976539589443,
          "sensitivity": 0.017595307917888565
        },
        "f_measure": {
          "f_measure": 0.0345821325648415,
          "recall": 0.017595307917888565,
          "precision": 1.0
        },
        "count": {
          "Nsys": 6.0,
          "Nref": 341.0
        },
        "error_rate": {
          "insertion_rate": 0.0,
          "error_rate": 0.9824046920821115,
          "deletion_rate": 0.9824046920821115
        }
      },
      "Motorcycle": {
        "accuracy": {
          "accuracy": 0.9520188497376031,
          "specificity": 0.99909389511836,
          "balanced_accuracy": 0.5664760814174478,
          "sensitivity": 0.13385826771653545
        },
        "f_measure": {
          "f_measure": 0.23287671232876714,
          "recall": 0.13385826771653545,
          "precision": 0.8947368421052632
        },
        "count": {
          "Nsys": 76.0,
          "Nref": 508.0
        },
        "error_rate": {
          "insertion_rate": 0.015748031496062992,
          "error_rate": 0.8818897637795275,
          "deletion_rate": 0.8661417322834646
        }
      },
      "Ambulance (siren)": {
        "accuracy": {
          "accuracy": 0.9572667880475527,
          "specificity": 1.0,
          "balanced_accuracy": 0.5,
          "sensitivity": 0.0
        },
        "f_measure": {
          "f_measure": NaN,
          "recall": 0.0,
          "precision": NaN
        },
        "count": {
          "Nsys": 0.0,
          "Nref": 399.0
        },
        "error_rate": {
          "insertion_rate": 0.0,
          "error_rate": 1.0,
          "deletion_rate": 1.0
        }
      },
      "Train horn": {
        "accuracy": {
          "accuracy": 0.9696904787404949,
          "specificity": 0.999557277255119,
          "balanced_accuracy": 0.537858108826235,
          "sensitivity": 0.076158940397351
        },
        "f_measure": {
          "f_measure": 0.1398176291793313,
          "recall": 0.076158940397351,
          "precision": 0.8518518518518519
        },
        "count": {
          "Nsys": 27.0,
          "Nref": 302.0
        },
        "error_rate": {
          "insertion_rate": 0.013245033112582781,
          "error_rate": 0.9370860927152318,
          "deletion_rate": 0.9238410596026491
        }
      },
      "Civil defense siren": {
        "accuracy": {
          "accuracy": 0.9689407732676448,
          "specificity": 0.9939813763343175,
          "balanced_accuracy": 0.7738268463592491,
          "sensitivity": 0.5536723163841808
        },
        "f_measure": {
          "f_measure": 0.6697038724373576,
          "recall": 0.5536723163841808,
          "precision": 0.8472622478386167
        },
        "count": {
          "Nsys": 347.0,
          "Nref": 531.0
        },
        "error_rate": {
          "insertion_rate": 0.09981167608286252,
          "error_rate": 0.5461393596986818,
          "deletion_rate": 0.4463276836158192
        }
      },
      "Truck": {
        "accuracy": {
          "accuracy": 0.9226732355146192,
          "specificity": 0.9994196169471852,
          "balanced_accuracy": 0.503172412351709,
          "sensitivity": 0.006925207756232687
        },
        "f_measure": {
          "f_measure": 0.013661202185792348,
          "recall": 0.006925207756232687,
          "precision": 0.5
        },
        "count": {
          "Nsys": 10.0,
          "Nref": 722.0
        },
        "error_rate": {
          "insertion_rate": 0.006925207756232687,
          "error_rate": 1.0,
          "deletion_rate": 0.9930747922437673
        }
      },
      "Skateboard": {
        "accuracy": {
          "accuracy": 0.9629431294848453,
          "specificity": 0.9992209237618253,
          "balanced_accuracy": 0.5180763709718217,
          "sensitivity": 0.036931818181818184
        },
        "f_measure": {
          "f_measure": 0.06989247311827958,
          "recall": 0.036931818181818184,
          "precision": 0.65
        },
        "count": {
          "Nsys": 20.0,
          "Nref": 352.0
        },
        "error_rate": {
          "insertion_rate": 0.019886363636363636,
          "error_rate": 0.9829545454545454,
          "deletion_rate": 0.9630681818181818
        }
      },
      "Car": {
        "accuracy": {
          "accuracy": 0.8215700974617115,
          "specificity": 0.9454866775421424,
          "balanced_accuracy": 0.6534601484631459,