{
  "strong": {
    "overall": {
      "accuracy": {
        "accuracy": 0.6835348934610753,
        "sensitivity": 0.6445428874899614,
        "balanced_accuracy": 0.6689766908104426,
        "specificity": 0.693410494130924
      },
      "f_measure": {
        "f_measure": 0.45150987224157957,
        "recall": 0.6445428874899614,
        "precision": 0.3474520647422738
      },
      "error_rate": {
        "insertion_rate": 1.066552679982384,
        "substitution_rate": 0.1439600010362426,
        "deletion_rate": 0.21149711147379602,
        "error_rate": 1.4220097924924224
      }
    },
    "class_wise": {
      "jackhammer": {
        "accuracy": {
          "accuracy": 0.7451965865661484,
          "sensitivity": 0.7106208311954849,
          "balanced_accuracy": 0.7323412647722475,
          "specificity": 0.75406169834901
        },
        "f_measure": {
          "f_measure": 0.5323340059575286,
          "recall": 0.7106208311954849,
          "precision": 0.4255646028575818
        },
        "count": {
          "Nref": 3898.0,
          "Nsys": 6509.0
        },
        "error_rate": {
          "deletion_rate": 0.28937916880451514,
          "insertion_rate": 0.9592098512057465,
          "error_rate": 1.2485890200102616
        }
      },
      "car_horn": {
        "accuracy": {
          "accuracy": 0.7226323229150307,
          "sensitivity": 0.6250377073906486,
          "balanced_accuracy": 0.6840822643123268,
          "specificity": 0.7431268212340049
        },
        "f_measure": {
          "f_measure": 0.43889006566405425,
          "recall": 0.6250377073906486,
          "precision": 0.338175289701322
        },
        "count": {
          "Nref": 3315.0,
          "Nsys": 6127.0
        },
        "error_rate": {
          "deletion_rate": 0.37496229260935143,
          "insertion_rate": 1.2232277526395174,
          "error_rate": 1.5981900452488689
        }
      },
      "gun_shot": {
        "accuracy": {
          "accuracy": 0.6335270404690854,
          "sensitivity": 0.64495492875836,
          "balanced_accuracy": 0.6379863393632178,
          "specificity": 0.6310177499680756
        },
        "f_measure": {
          "f_measure": 0.3878978663868486,
          "recall": 0.64495492875836,
          "precision": 0.27735400775290736
        },
        "count": {
          "Nref": 3439.0,
          "Nsys": 7997.0
        },
        "error_rate": {
          "deletion_rate": 0.35504507124164003,
          "insertion_rate": 1.6804303576621111,
          "error_rate": 2.035475428903751
        }
      },
      "drilling": {
        "accuracy": {
          "accuracy": 0.7079734045337941,
          "sensitivity": 0.6076388888888888,
          "balanced_accuracy": 0.671229358838233,
          "specificity": 0.7348198287875771
        },
        "f_measure": {
          "f_measure": 0.4676464974231723,
          "recall": 0.6076388888888888,
          "precision": 0.38008067018305924
        },
        "count": {
          "Nref": 4032.0,
          "Nsys": 6446.0
        },
        "error_rate": {
          "deletion_rate": 0.3923611111111111,
          "insertion_rate": 0.9910714285714286,
          "error_rate": 1.3834325396825398
        }
      },
      "street_music": {
        "accuracy": {
          "accuracy": 0.6677660855452594,
          "sensitivity": 0.7017059708981435,
          "balanced_accuracy": 0.6802608584229388,
          "specificity": 0.6588157459477341
        },
        "f_measure": {
          "f_measure": 0.4685092127303183,
          "recall": 0.7017059708981435,
          "precision": 0.3516469700779482
        },
        "count": {
          "Nref": 3986.0,
          "Nsys": 7954.0
        },
        "error_rate": {
          "deletion_rate": 0.2982940291018565,
          "insertion_rate": 1.2937782237832414,
          "error_rate": 1.592072252885098
        }
      },
      "dog_bark": {
        "accuracy": {
          "accuracy": 0.605099209465473,
          "sensitivity": 0.7052767052767053,
          "balanced_accuracy": 0.6423991307666386,
          "specificity": 0.579521556256572
        },
        "f_measure": {
          "f_measure": 0.4207939798817476,
          "recall": 0.7052767052767053,
          "precision": 0.2998467936091048
        },
        "count": {
          "Nref": 3885.0,
          "Nsys": 9138.0
        },
        "error_rate": {
          "deletion_rate": 0.2947232947232947,
          "insertion_rate": 1.646846846846847,
          "error_rate": 1.9415701415701416
        }
      },
      "air_conditioner": {
        "accuracy": {
          "accuracy": 0.652374221244961,
          "sensitivity": 0.5618950585838003,
          "balanced_accuracy": 0.6188387978256729,
          "specificity": 0.6757825370675453
        },
        "f_measure": {
          "f_measure": 0.399203764024611,
          "recall": 0.5618950585838003,
          "precision": 0.30957058658433906
        },
        "count": {
          "Nref": 3926.0,
          "Nsys": 7126.0
        },
        "error_rate": {
          "deletion_rate": 0.4381049414161997,
          "insertion_rate": 1.2531839021905247,
          "error_rate": 1.6912888436067244
        }
      },
      "children_playing": {
        "accuracy": {
          "accuracy": 0.6776608554525941,
          "sensitivity": 0.6481254594462141,
          "balanced_accuracy": 0.6669056058882202,
          "specificity": 0.6856857523302263
        },
        "f_measure": {
          "f_measure": 0.46212981567222855,
          "recall": 0.6481254594462141,
          "precision": 0.3590822698886777
        },
        "count": {
          "Nref": 4081.0,
          "Nsys": 7366.0
        },
        "error_rate": {
          "deletion_rate": 0.35187454055378586,
          "insertion_rate": 1.156824307767704,
          "error_rate": 1.5086988483214898
        }
      },
      "siren": {
        "accuracy": {
          "accuracy": 0.7387571331343908,
          "sensitivity": 0.591704147926037,
          "balanced_accuracy": 0.6847188863346987,
          "specificity": 0.7777336247433605
        },
        "f_measure": {
          "f_measure": 0.4869422167386387,
          "recall": 0.591704147926037,
          "precision": 0.413696715583508
        },
        "count": {
          "Nref": 4002.0,
          "Nsys": 5724.0
        },
        "error_rate": {
          "deletion_rate": 0.408295852073963,
          "insertion_rate": 0.8385807096451774,
          "error_rate": 1.2468765617191404
        }
      },
      "engine_idling": {
        "accuracy": {
          "accuracy": 0.6843620752840165,
          "sensitivity": 0.6475105276195194,
          "balanced_accuracy": 0.6708742229175664,
          "specificity": 0.6942379182156134
        },
        "f_measure": {
          "f_measure": 0.4644221373367682,
          "recall": 0.6475105276195194,
          "precision": 0.3620498614958449
        },
        "count": {
          "Nref": 4037.0,
          "Nsys": 7220.0
        },
        "error_rate": {
          "deletion_rate": 0.35248947238048056,
          "insertion_rate": 1.1409462472132772,
          "error_rate": 1.4934357195937578
        }
      }
    },
    "class_wise_average": {
      "accuracy": {
        "sensitivity": 0.6444470225983802,
        "accuracy": 0.6835348934610753,
        "balanced_accuracy": 0.668963672944176,
        "specificity": 0.6934803232899719
      },
      "f_measure": {
        "f_measure": 0.45287695618159163,
        "recall": 0.6444470225983802,
        "precision": 0.35170677677342926
      },
      "error_rate": {
        "deletion_rate": 0.35555297740161984,
        "insertion_rate": 1.2184099627525575,
        "error_rate": 1.5739629401541773
      }
    }
  },
  "weak": {
    "micro": {
      "recall": 0.5018177096857959,
      "f1": 0.5758772256574537,
      "precision": 0.6755811920992834
    },
    "samples": {
      "recall": 0.4628710317460317,
      "f1": 0.4951331072522249,