{
  "strong": {
    "overall": {
      "error_rate": {
        "error_rate": 1.315924457915598,
        "substitution_rate": 0.14297557058107302,
        "deletion_rate": 0.23877619750783657,
        "insertion_rate": 0.9341726898266884
      },
      "accuracy": {
        "balanced_accuracy": 0.6725568390240801,
        "sensitivity": 0.6182482319110904,
        "accuracy": 0.7048944086359588,
        "specificity": 0.7268654461370698
      },
      "f_measure": {
        "f_measure": 0.4587438127733192,
        "recall": 0.6182482319110904,
        "precision": 0.3646629179145529
      }
    },
    "class_wise": {
      "jackhammer": {
        "error_rate": {
          "error_rate": 1.5587480759363777,
          "deletion_rate": 0.22550025654181632,
          "insertion_rate": 1.3332478193945614
        },
        "accuracy": {
          "balanced_accuracy": 0.7161270531581336,
          "sensitivity": 0.7744997434581837,
          "accuracy": 0.6816014253524079,
          "specificity": 0.6577543628580836
        },
        "f_measure": {
          "f_measure": 0.49843156678223544,
          "recall": 0.7744997434581837,
          "precision": 0.3674537487828627
        },
        "count": {
          "Nref": 3898.0,
          "Nsys": 8216.0
        }
      },
      "drilling": {
        "error_rate": {
          "error_rate": 1.552827380952381,
          "deletion_rate": 0.3412698412698413,
          "insertion_rate": 1.2115575396825398
        },
        "accuracy": {
          "balanced_accuracy": 0.6670835033900611,
          "sensitivity": 0.6587301587301587,
          "accuracy": 0.6719069328721899,
          "specificity": 0.6754368480499635
        },
        "f_measure": {
          "f_measure": 0.4589993951438694,
          "recall": 0.6587301587301587,
          "precision": 0.3522079299827609
        },
        "count": {
          "Nref": 4032.0,
          "Nsys": 7541.0
        }
      },
      "dog_bark": {
        "error_rate": {
          "error_rate": 1.8036036036036036,
          "deletion_rate": 0.35032175032175034,
          "insertion_rate": 1.4532818532818532
        },
        "accuracy": {
          "balanced_accuracy": 0.6390910000858678,
          "sensitivity": 0.6496782496782497,
          "accuracy": 0.6328145469789865,
          "specificity": 0.628503750493486
        },
        "f_measure": {
          "f_measure": 0.41874740771464125,
          "recall": 0.6496782496782497,
          "precision": 0.30893512851897187
        },
        "count": {
          "Nref": 3885.0,
          "Nsys": 8170.0
        }
      },
      "car_horn": {
        "error_rate": {
          "error_rate": 1.544494720965309,
          "deletion_rate": 0.338763197586727,
          "insertion_rate": 1.2057315233785821
        },
        "accuracy": {
          "balanced_accuracy": 0.7038743626475295,
          "sensitivity": 0.661236802413273,
          "accuracy": 0.7316983702772101,
          "specificity": 0.7465119228817859
        },
        "f_measure": {
          "f_measure": 0.4612794612794613,
          "recall": 0.661236802413273,
          "precision": 0.35417676522863145
        },
        "count": {
          "Nref": 3315.0,
          "Nsys": 6189.0
        }
      },
      "street_music": {
        "error_rate": {
          "error_rate": 1.4207225288509784,
          "deletion_rate": 0.30130456598093325,
          "insertion_rate": 1.1194179628700451
        },
        "accuracy": {
          "balanced_accuracy": 0.7015700128298951,
          "sensitivity": 0.6986954340190668,
          "accuracy": 0.7032437247812189,
          "specificity": 0.7044445916407234
        },
        "f_measure": {
          "f_measure": 0.4958604112881688,
          "recall": 0.6986954340190668,
          "precision": 0.38429695046226026
        },
        "count": {
          "Nref": 3986.0,
          "Nsys": 7247.0
        }
      },
      "air_conditioner": {
        "error_rate": {
          "error_rate": 1.7205807437595517,
          "deletion_rate": 0.5369332654100866,
          "insertion_rate": 1.183647478349465
        },
        "accuracy": {
          "balanced_accuracy": 0.5782378602685002,
          "sensitivity": 0.4630667345899134,
          "accuracy": 0.6460200178169051,
          "specificity": 0.6934089859470871
        },
        "f_measure": {
          "f_measure": 0.3499181984409585,
          "recall": 0.4630667345899134,
          "precision": 0.28120649651972157
        },
        "count": {
          "Nref": 3926.0,
          "Nsys": 6465.0
        }
      },
      "children_playing": {
        "error_rate": {
          "error_rate": 1.27542269051703,
          "deletion_rate": 0.4398431756922323,
          "insertion_rate": 0.8355795148247979
        },
        "accuracy": {
          "balanced_accuracy": 0.6664268990223015,
          "sensitivity": 0.5601568243077677,
          "accuracy": 0.7272441440025154,
          "specificity": 0.7726969737368351
        },
        "f_measure": {
          "f_measure": 0.4676281067812212,
          "recall": 0.5601568243077677,
          "precision": 0.40133426966292135
        },
        "count": {
          "Nref": 4081.0,
          "Nsys": 5696.0
        }
      },
      "gun_shot": {
        "error_rate": {
          "error_rate": 1.4169816807211397,
          "deletion_rate": 0.4268682756615295,
          "insertion_rate": 0.9901134050596103
        },
        "accuracy": {
          "balanced_accuracy": 0.6777381966105547,
          "sensitivity": 0.5731317243384705,
          "accuracy": 0.7446418278048524,
          "specificity": 0.7823446688826388
        },
        "f_measure": {
          "f_measure": 0.44719228587634713,
          "recall": 0.5731317243384705,
          "precision": 0.3666294642857143
        },
        "count": {
          "Nref": 3439.0,
          "Nsys": 5376.0
        }
      },
      "engine_idling": {
        "error_rate": {
          "error_rate": 1.256626207579886,
          "deletion_rate": 0.37057220708446864,
          "insertion_rate": 0.8860540004954174
        },
        "accuracy": {
          "balanced_accuracy": 0.6958450941182734,
          "sensitivity": 0.6294277929155313,
          "accuracy": 0.734161295393806,
          "specificity": 0.7622623953210156
        },
        "f_measure": {
          "f_measure": 0.5004431314623338,
          "recall": 0.6294277929155313,
          "precision": 0.41533180778032036
        },
        "count": {
          "Nref": 4037.0,
          "Nsys": 6118.0
        }
      },
      "siren": {
        "error_rate": {
          "error_rate": 1.0699650174912545,
          "deletion_rate": 0.48200899550224885,
          "insertion_rate": 0.5879560219890055
        },
        "accuracy": {
          "balanced_accuracy": 0.6809834340836345,
          "sensitivity": 0.5179910044977512,
          "accuracy": 0.7756118010794948,
          "specificity": 0.8439758636695179
        },
        "f_measure": {
          "f_measure": 0.4919316563834836,
          "recall": 0.5179910044977512,
          "precision": 0.4683687302304564
        },
        "count": {
          "Nref": 4002.0,
          "Nsys": 4426.0
        }
      }
    },
    "class_wise_average": {
      "error_rate": {
        "error_rate": 1.4619972650377513,
        "deletion_rate": 0.3813385531051634,
        "insertion_rate": 1.0806587119325877
      },
      "accuracy": {
        "balanced_accuracy": 0.672697741621475,
        "specificity": 0.7267340363481136,
        "sensitivity": 0.6186614468948365,
        "accuracy": 0.7048944086359586
      },
      "f_measure": {
        "f_measure": 0.4590431621152721,
        "recall": 0.6186614468948365,
        "precision": 0.36999412914546215
      }
    }
  },
  "weak": {
    "micro": {
      "f1": 0.570685434516524,
      "recall": 0.48428979485847834,
      "precision": 0.6945996275605214
    },
    "samples": {
      "f1": 0.5013034118659118,
      "recall": 0.45669682539682543,