{
  "strong": {
    "class_wise": {
      "drilling": {
        "f_measure": {
          "f_measure": 0.45866364665911663,
          "recall": 0.703125,
          "precision": 0.3403361344537815
        },
        "accuracy": {
          "accuracy": 0.6500915032679738,
          "specificity": 0.6359239382495196,
          "balanced_accuracy": 0.6695244691247598,
          "sensitivity": 0.703125
        },
        "count": {
          "Nref": 4032.0,
          "Nsys": 8330.0
        },
        "error_rate": {
          "deletion_rate": 0.296875,
          "insertion_rate": 1.3628472222222223,
          "error_rate": 1.6597222222222223
        }
      },
      "gun_shot": {
        "f_measure": {
          "f_measure": 0.39665757162346527,
          "recall": 0.6763594068043036,
          "precision": 0.2806128604174207
        },
        "accuracy": {
          "accuracy": 0.6300130718954249,
          "specificity": 0.6198520974117047,
          "balanced_accuracy": 0.6481057521080041,
          "sensitivity": 0.6763594068043036
        },
        "count": {
          "Nref": 3439.0,
          "Nsys": 8289.0
        },
        "error_rate": {
          "deletion_rate": 0.32364059319569644,
          "insertion_rate": 1.7339342832218667,
          "error_rate": 2.057574876417563
        }
      },
      "car_horn": {
        "f_measure": {
          "f_measure": 0.45651418645049213,
          "recall": 0.5945701357466063,
          "precision": 0.37048872180451126
        },
        "accuracy": {
          "accuracy": 0.7546143790849673,
          "specificity": 0.7881720430107527,
          "balanced_accuracy": 0.6913710893786795,
          "sensitivity": 0.5945701357466063
        },
        "count": {
          "Nref": 3315.0,
          "Nsys": 5320.0
        },
        "error_rate": {
          "deletion_rate": 0.40542986425339367,
          "insertion_rate": 1.0102564102564102,
          "error_rate": 1.4156862745098038
        }
      },
      "street_music": {
        "f_measure": {
          "f_measure": 0.489058039961941,
          "recall": 0.5802809834420471,
          "precision": 0.4226201352092088
        },
        "accuracy": {
          "accuracy": 0.7472941176470588,
          "specificity": 0.7912675870268842,
          "balanced_accuracy": 0.6857742852344657,
          "sensitivity": 0.5802809834420471
        },
        "count": {
          "Nref": 3986.0,
          "Nsys": 5473.0
        },
        "error_rate": {
          "deletion_rate": 0.41971901655795285,
          "insertion_rate": 0.7927747114902157,
          "error_rate": 1.2124937280481687
        }
      },
      "engine_idling": {
        "f_measure": {
          "f_measure": 0.42078926418742185,
          "recall": 0.45826108496408224,
          "precision": 0.38898233809924304
        },
        "accuracy": {
          "accuracy": 0.7336993464052287,
          "specificity": 0.8073966065747614,
          "balanced_accuracy": 0.6328288457694218,
          "sensitivity": 0.45826108496408224
        },
        "count": {
          "Nref": 4037.0,
          "Nsys": 4756.0
        },
        "error_rate": {
          "deletion_rate": 0.5417389150359178,
          "insertion_rate": 0.7198414664354719,
          "error_rate": 1.2615803814713895
        }
      },
      "jackhammer": {
        "f_measure": {
          "f_measure": 0.5056650905522347,
          "recall": 0.7270395074397127,
          "precision": 0.3876350704418
        },
        "accuracy": {
          "accuracy": 0.7102745098039216,
          "specificity": 0.7059827937216786,
          "balanced_accuracy": 0.7165111505806956,
          "sensitivity": 0.7270395074397127
        },
        "count": {
          "Nref": 3898.0,
          "Nsys": 7311.0
        },
        "error_rate": {
          "deletion_rate": 0.2729604925602873,
          "insertion_rate": 1.1485377116469984,
          "error_rate": 1.4214982042072857
        }
      },
      "siren": {
        "f_measure": {
          "f_measure": 0.453190420365098,
          "recall": 0.6761619190404797,
          "precision": 0.3408060453400504
        },
        "accuracy": {
          "accuracy": 0.6585620915032679,
          "specificity": 0.6539046485485684,
          "balanced_accuracy": 0.6650332837945241,
          "sensitivity": 0.6761619190404797
        },
        "count": {
          "Nref": 4002.0,
          "Nsys": 7940.0
        },
        "error_rate": {
          "deletion_rate": 0.3238380809595202,
          "insertion_rate": 1.3078460769615192,
          "error_rate": 1.6316841579210395
        }
      },
      "air_conditioner": {
        "f_measure": {
          "f_measure": 0.42066171505739364,
          "recall": 0.6347427407030056,
          "precision": 0.31456702852814944
        },
        "accuracy": {
          "accuracy": 0.6410980392156863,
          "specificity": 0.6427396539246003,
          "balanced_accuracy": 0.638741197313803,
          "sensitivity": 0.6347427407030056
        },
        "count": {
          "Nref": 3926.0,
          "Nsys": 7922.0
        },
        "error_rate": {
          "deletion_rate": 0.3652572592969944,
          "insertion_rate": 1.3830871115639327,
          "error_rate": 1.7483443708609272
        }
      },
      "dog_bark": {
        "f_measure": {
          "f_measure": 0.4408083121983146,
          "recall": 0.6934362934362934,
          "precision": 0.3230990645238666
        },
        "accuracy": {
          "accuracy": 0.6426143790849673,
          "specificity": 0.6296587926509186,
          "balanced_accuracy": 0.661547543043606,
          "sensitivity": 0.6934362934362934
        },
        "count": {
          "Nref": 3885.0,
          "Nsys": 8338.0
        },
        "error_rate": {
          "deletion_rate": 0.3065637065637066,
          "insertion_rate": 1.4527670527670529,
          "error_rate": 1.7593307593307594
        }
      },
      "children_playing": {
        "f_measure": {
          "f_measure": 0.45112418405995647,
          "recall": 0.6858613085028179,
          "precision": 0.3360951008645533
        },
        "accuracy": {
          "accuracy": 0.6438692810457516,
          "specificity": 0.6324780643445892,
          "balanced_accuracy": 0.6591696864237035,
          "sensitivity": 0.6858613085028179
        },
        "count": {
          "Nref": 4081.0,
          "Nsys": 8328.0
        },
        "error_rate": {
          "deletion_rate": 0.31413869149718204,
          "insertion_rate": 1.3548149963244303,
          "error_rate": 1.6689536878216122
        }
      }
    },
    "class_wise_average": {
      "f_measure": {
        "f_measure": 0.4493132431115434,
        "recall": 0.6429838380079349,
        "precision": 0.35052424996825854
      },
      "accuracy": {
        "accuracy": 0.6812130718954248,
        "specificity": 0.6907376225463977,
        "sensitivity": 0.6429838380079349,
        "balanced_accuracy": 0.6668607302771663
      },
      "error_rate": {
        "deletion_rate": 0.35701616199206515,
        "insertion_rate": 1.226670704289012,
        "error_rate": 1.5836868662810772
      }
    },
    "overall": {
      "f_measure": {
        "f_measure": 0.4487921307681181,
        "recall": 0.6429885236133779,
        "precision": 0.3446887108197814
      },
      "accuracy": {
        "accuracy": 0.6812130718954248,
        "specificity": 0.6908790755262072,
        "balanced_accuracy": 0.6669337995697926,
        "sensitivity": 0.6429885236133779
      },
      "error_rate": {
        "deletion_rate": 0.21398409367632962,
        "substitution_rate": 0.14302738271029247,
        "insertion_rate": 1.0794020880288075,
        "error_rate": 1.4364135644154297
      }
    }
  },
  "weak": {
    "macro": {
      "recall": 0.535811283649674,
      "f1": 0.5834325911274705,
      "precision": 0.6886862690552389
    },
    "weighted": {
      "recall": 0.5357050116852765,
      "f1": 0.5833513847408288,