{
  "weak": {
    "macro": {
      "recall": 0.5640692322853053,
      "precision": 0.6780326805747963,
      "f1": 0.6075762162994176
    },
    "samples": {
      "recall": 0.5351581349206349,
      "precision": 0.634234126984127,
      "f1": 0.5513329227145404
    },
    "micro": {
      "recall": 0.562970656972215,
      "precision": 0.6757051581736013,
      "f1": 0.614207805085346
    },
    "weighted": {
      "recall": 0.562970656972215,
      "precision": 0.6782984083073664,
      "f1": 0.607093235445469
    }
  },
  "strong": {
    "class_wise_average": {
      "f_measure": {
        "f_measure": 0.45167274132275503,
        "recall": 0.6536605075118234,
        "precision": 0.3475642272351457
      },
      "error_rate": {
        "deletion_rate": 0.3463394924881767,
        "error_rate": 1.5944195339183245,
        "insertion_rate": 1.248080041430148
      },
      "accuracy": {
        "balanced_accuracy": 0.6714742157285525,
        "sensitivity": 0.6536605075118234,
        "specificity": 0.6892879239452817,
        "accuracy": 0.6817817557371078
      }
    },
    "class_wise": {
      "street_music": {
        "f_measure": {
          "f_measure": 0.47074829931972784,
          "recall": 0.694430506773708,
          "precision": 0.35605865706200157
        },
        "count": {
          "Nsys": 7774.0,
          "Nref": 3986.0
        },
        "error_rate": {
          "deletion_rate": 0.305569493226292,
          "error_rate": 1.5614651279478173,
          "insertion_rate": 1.2558956347215253
        },
        "accuracy": {
          "balanced_accuracy": 0.6828793594862566,
          "accuracy": 0.676120101993027,
          "specificity": 0.6713282121988051,
          "sensitivity": 0.694430506773708
        }
      },
      "siren": {
        "f_measure": {
          "f_measure": 0.47348066298342545,
          "recall": 0.6424287856071964,
          "precision": 0.37489063867016625
        },
        "count": {
          "Nsys": 6858.0,
          "Nref": 4002.0
        },
        "error_rate": {
          "deletion_rate": 0.3575712143928036,
          "error_rate": 1.4287856071964018,
          "insertion_rate": 1.0712143928035982
        },
        "accuracy": {
          "balanced_accuracy": 0.6803336829777684,
          "accuracy": 0.7024509548836967,
          "specificity": 0.7182385803483404,
          "sensitivity": 0.6424287856071964
        }
      },
      "air_conditioner": {
        "f_measure": {
          "f_measure": 0.41491538032360054,
          "recall": 0.5682628629648497,
          "precision": 0.3267428236672525
        },
        "count": {
          "Nsys": 6828.0,
          "Nref": 3926.0
        },
        "error_rate": {
          "deletion_rate": 0.43173713703515026,
          "error_rate": 1.6026490066225167,
          "insertion_rate": 1.1709118695873664
        },
        "accuracy": {
          "balanced_accuracy": 0.6338142514418781,
          "accuracy": 0.6725815684029766,
          "specificity": 0.6993656399189065,
          "sensitivity": 0.5682628629648497
        }
      },
      "engine_idling": {
        "f_measure": {
          "f_measure": 0.4582738216690471,
          "recall": 0.5563537280158534,
          "precision": 0.38959236773634
        },
        "count": {
          "Nsys": 5765.0,
          "Nref": 4037.0
        },
        "error_rate": {
          "deletion_rate": 0.44364627198414663,
          "error_rate": 1.3153331681942038,
          "insertion_rate": 0.871686896210057
        },
        "accuracy": {
          "balanced_accuracy": 0.6622677730988358,
          "accuracy": 0.7236821564239996,
          "specificity": 0.7681818181818182,
          "sensitivity": 0.5563537280158534
        }
      },
      "dog_bark": {
        "f_measure": {
          "f_measure": 0.4411152725759468,
          "recall": 0.6821106821106822,
          "precision": 0.32595325953259535
        },
        "count": {
          "Nsys": 8130.0,
          "Nref": 3885.0
        },
        "error_rate": {
          "deletion_rate": 0.3178893178893179,
          "error_rate": 1.7284427284427284,
          "insertion_rate": 1.4105534105534105
        },
        "accuracy": {
          "balanced_accuracy": 0.6623441487777517,
          "accuracy": 0.6505698079825155,
          "specificity": 0.6425776154448213,
          "sensitivity": 0.6821106821106822
        }
      },
      "drilling": {
        "f_measure": {
          "f_measure": 0.4789113019978766,
          "recall": 0.6153273809523809,
          "precision": 0.39200505609100966
        },
        "count": {
          "Nsys": 6329.0,
          "Nref": 4032.0
        },
        "error_rate": {
          "deletion_rate": 0.38467261904761907,
          "error_rate": 1.3390376984126986,
          "insertion_rate": 0.9543650793650794
        },
        "accuracy": {
          "balanced_accuracy": 0.6809597062812612,
          "accuracy": 0.7190508404017276,
          "specificity": 0.7465920316101415,
          "sensitivity": 0.6153273809523809
        }
      },
      "car_horn": {
        "f_measure": {
          "f_measure": 0.42622320484475634,
          "recall": 0.6687782805429864,
          "precision": 0.3127821670428894
        },
        "count": {
          "Nsys": 7088.0,
          "Nref": 3315.0
        },
        "error_rate": {
          "deletion_rate": 0.33122171945701356,
          "error_rate": 1.8006033182503771,
          "insertion_rate": 1.4693815987933636
        },
        "accuracy": {
          "balanced_accuracy": 0.681232304653332,
          "accuracy": 0.6893896029557163,
          "specificity": 0.6936863287636775,
          "sensitivity": 0.6687782805429864
        }
      },
      "jackhammer": {
        "f_measure": {
          "f_measure": 0.49628378378378374,
          "recall": 0.7537198563365829,
          "precision": 0.3699320070511206
        },
        "count": {
          "Nsys": 7942.0,
          "Nref": 3898.0
        },
        "error_rate": {
          "deletion_rate": 0.24628014366341713,
          "error_rate": 1.530015392508979,
          "insertion_rate": 1.2837352488455618
        },
        "accuracy": {
          "balanced_accuracy": 0.7135333402709091,
          "accuracy": 0.6896497892491024,
          "specificity": 0.6733468242052353,
          "sensitivity": 0.7537198563365829
        }
      },
      "children_playing": {
        "f_measure": {
          "f_measure": 0.45444889288340545,
          "recall": 0.6814506248468513,
          "precision": 0.34089237558225055
        },
        "count": {
          "Nsys": 8158.0,
          "Nref": 4081.0
        },
        "error_rate": {
          "deletion_rate": 0.31854937515314874,
          "error_rate": 1.6361185983827493,
          "insertion_rate": 1.3175692232296006
        },
        "accuracy": {
          "balanced_accuracy": 0.6631024265883305,
          "accuracy": 0.6525472238122496,
          "specificity": 0.6447542283298098,
          "sensitivity": 0.6814506248468513
        }
      },
      "gun_shot": {
        "f_measure": {
          "f_measure": 0.40232679284598016,
          "recall": 0.6737423669671416,
          "precision": 0.28679291991583117
        },
        "count": {
          "Nsys": 8079.0,
          "Nref": 3439.0
        },
        "error_rate": {
          "deletion_rate": 0.3262576330328584,
          "error_rate": 2.001744693224775,
          "insertion_rate": 1.6754870601919163
        },
        "accuracy": {
          "balanced_accuracy": 0.6542751637092015,
          "accuracy": 0.6417755112660665,
          "specificity": 0.6348079604512612,
          "sensitivity": 0.6737423669671416
        }
      }
    },
    "overall": {
      "f_measure": {
        "f_measure": 0.45180722891566266,
        "recall": 0.6528328281650735,
        "precision": 0.3454373483571164
      },
      "error_rate": {
        "deletion_rate": 0.20753348358850807,
        "substitution_rate": 0.13963368824641847,