{
  "strong": {
    "overall": {
      "accuracy": {
        "accuracy": 0.9063883617963314,
        "specificity": 0.9252276939520393,
        "sensitivity": 0.5415611582076406,
        "balanced_accuracy": 0.73339442607984
      },
      "f_measure": {
        "precision": 0.27220408389131756,
        "f_measure": 0.3623038962952051,
        "recall": 0.5415611582076406
      },
      "error_rate": {
        "deletion_rate": 0.07739733568204338,
        "substitution_rate": 0.38104150611031595,
        "insertion_rate": 1.066938236265551,
        "error_rate": 1.5253770780579103
      }
    },
    "class_wise": {
      "Car alarm": {
        "accuracy": {
          "accuracy": 0.9691204852495175,
          "specificity": 0.993168880455408,
          "sensitivity": 0.22580645161290322,
          "balanced_accuracy": 0.6094876660341556
        },
        "f_measure": {
          "precision": 0.5167785234899329,
          "f_measure": 0.3142857142857143,
          "recall": 0.22580645161290322
        },
        "count": {
          "Nref": 341.0,
          "Nsys": 149.0
        },
        "error_rate": {
          "insertion_rate": 0.21114369501466276,
          "deletion_rate": 0.7741935483870968,
          "error_rate": 0.9853372434017595
        }
      },
      "Civil defense siren": {
        "accuracy": {
          "accuracy": 0.921514566675857,
          "specificity": 0.9211594202898551,
          "sensitivity": 0.928436911487759,
          "balanced_accuracy": 0.924798165888807
        },
        "f_measure": {
          "precision": 0.37662337662337664,
          "f_measure": 0.5358695652173914,
          "recall": 0.928436911487759
        },
        "count": {
          "Nref": 531.0,
          "Nsys": 1309.0
        },
        "error_rate": {
          "insertion_rate": 1.536723163841808,
          "deletion_rate": 0.07156308851224105,
          "error_rate": 1.608286252354049
        }
      },
      "Bus": {
        "accuracy": {
          "accuracy": 0.8604907637165702,
          "specificity": 0.8841691437338192,
          "sensitivity": 0.3141592920353982,
          "balanced_accuracy": 0.5991642178846087
        },
        "f_measure": {
          "precision": 0.10518518518518519,
          "f_measure": 0.15760266370699222,
          "recall": 0.3141592920353982
        },
        "count": {
          "Nref": 452.0,
          "Nsys": 1350.0
        },
        "error_rate": {
          "insertion_rate": 2.672566371681416,
          "deletion_rate": 0.6858407079646017,
          "error_rate": 3.358407079646018
        }
      },
      "Screaming": {
        "accuracy": {
          "accuracy": 0.9620439297858653,
          "specificity": 0.9777356702984368,
          "sensitivity": 0.4539877300613497,
          "balanced_accuracy": 0.7158617001798933
        },
        "f_measure": {
          "precision": 0.38642297650130547,
          "f_measure": 0.4174894217207334,
          "recall": 0.4539877300613497
        },
        "count": {
          "Nref": 326.0,
          "Nsys": 383.0
        },
        "error_rate": {
          "insertion_rate": 0.7208588957055214,
          "deletion_rate": 0.5460122699386503,
          "error_rate": 1.2668711656441718
        }
      },
      "Air horn, truck horn": {
        "accuracy": {
          "accuracy": 0.9696719051557762,
          "specificity": 0.9951645017540532,
          "sensitivity": 0.16467065868263472,
          "balanced_accuracy": 0.5799175802183439
        },
        "f_measure": {
          "precision": 0.5188679245283019,
          "f_measure": 0.25,
          "recall": 0.16467065868263472
        },
        "count": {
          "Nref": 334.0,
          "Nsys": 106.0
        },
        "error_rate": {
          "insertion_rate": 0.15269461077844312,
          "deletion_rate": 0.8353293413173652,
          "error_rate": 0.9880239520958084
        }
      },
      "Car passing by": {
        "accuracy": {
          "accuracy": 0.957356860582667,
          "specificity": 0.9863610532297784,
          "sensitivity": 0.009287925696594427,
          "balanced_accuracy": 0.4978244894631864
        },
        "f_measure": {
          "precision": 0.02040816326530612,
          "f_measure": 0.01276595744680851,
          "recall": 0.009287925696594427
        },
        "count": {
          "Nref": 323.0,
          "Nsys": 147.0
        },
        "error_rate": {
          "insertion_rate": 0.4458204334365325,
          "deletion_rate": 0.9907120743034056,
          "error_rate": 1.436532507739938
        }
      },
      "Train": {
        "accuracy": {
          "accuracy": 0.7890818858560794,
          "specificity": 0.8046691813640534,
          "sensitivity": 0.6464552238805971,
          "balanced_accuracy": 0.7255622026223252
        },
        "f_measure": {
          "precision": 0.2656190111153699,
          "f_measure": 0.3765281173594132,
          "recall": 0.6464552238805971
        },
        "count": {
          "Nref": 1072.0,
          "Nsys": 2609.0
        },
        "error_rate": {
          "insertion_rate": 1.787313432835821,
          "deletion_rate": 0.353544776119403,
          "error_rate": 2.140858208955224
        }
      },
      "Fire engine, fire truck (siren)": {
        "accuracy": {
          "accuracy": 0.9381490671813253,
          "specificity": 0.9515203671830178,
          "sensitivity": 0.607565011820331,
          "balanced_accuracy": 0.7795426895016744
        },
        "f_measure": {
          "precision": 0.33638743455497383,
          "f_measure": 0.43302443133951135,
          "recall": 0.607565011820331
        },
        "count": {
          "Nref": 423.0,
          "Nsys": 764.0
        },
        "error_rate": {
          "insertion_rate": 1.198581560283688,
          "deletion_rate": 0.39243498817966904,
          "error_rate": 1.5910165484633572
        }
      },
      "Train horn": {
        "accuracy": {
          "accuracy": 0.9710504549214226,
          "specificity": 0.9865771812080537,
          "sensitivity": 0.4271523178807947,
          "balanced_accuracy": 0.7068647495444242
        },
        "f_measure": {
          "precision": 0.47601476014760147,
          "f_measure": 0.450261780104712,
          "recall": 0.4271523178807947
        },
        "count": {
          "Nref": 302.0,
          "Nsys": 271.0
        },
        "error_rate": {
          "insertion_rate": 0.47019867549668876,
          "deletion_rate": 0.5728476821192053,
          "error_rate": 1.0430463576158941
        }
      },
      "Motorcycle": {
        "accuracy": {
          "accuracy": 0.9416413932542965,
          "specificity": 0.9653909187313217,
          "sensitivity": 0.4566929133858268,
          "balanced_accuracy": 0.7110419160585743
        },
        "f_measure": {
          "precision": 0.3925549915397631,
          "f_measure": 0.4222020018198362,
          "recall": 0.4566929133858268
        },
        "count": {
          "Nref": 508.0,
          "Nsys": 591.0
        },
        "error_rate": {
          "insertion_rate": 0.7066929133858267,
          "deletion_rate": 0.5433070866141733,
          "error_rate": 1.25
        }
      },
      "Skateboard": {
        "accuracy": {
          "accuracy": 0.9265692491498944,
          "specificity": 0.9357963719251591,
          "sensitivity": 0.6505681818181818,
          "balanced_accuracy": 0.7931822768716704
        },
        "f_measure": {
          "precision": 0.25303867403314917,
          "f_measure": 0.3643595863166269,
          "recall": 0.6505681818181818
        },
        "count": {
          "Nref": 352.0,
          "Nsys": 905.0
        },
        "error_rate": {
          "insertion_rate": 1.9204545454545454,
          "deletion_rate": 0.3494318181818182,
          "error_rate": 2.2698863636363638
        }
      },
      "Truck": {
        "accuracy": {
          "accuracy": 0.8308978954140245,
          "specificity": 0.8599271581848608,