{
  "weak": {
    "macro": {
      "f1": 0.7384483564691149,
      "precision": 0.7572428757193758,
      "recall": 0.7254243353102854
    },
    "weighted": {
      "f1": 0.7387648793531154,
      "precision": 0.757868136125023,
      "recall": 0.7253960010386913
    },
    "samples": {
      "f1": 0.7348380578571755,
      "precision": 0.7667281746031747,
      "recall": 0.7436638888888889
    },
    "micro": {
      "f1": 0.7421625929861849,
      "precision": 0.7597225999456079,
      "recall": 0.7253960010386913
    }
  },
  "strong": {
    "class_wise": {
      "air_conditioner": {
        "count": {
          "Nref": 3926.0,
          "Nsys": 1372.0
        },
        "error_rate": {
          "deletion_rate": 0.8143148242485991,
          "insertion_rate": 0.16377992868059094,
          "error_rate": 0.9780947529291901
        },
        "accuracy": {
          "sensitivity": 0.18568517575140092,
          "specificity": 0.956612685560054,
          "balanced_accuracy": 0.5711489306557275,
          "accuracy": 0.795156300010669
        },
        "f_measure": {
          "precision": 0.5313411078717201,
          "recall": 0.18568517575140092,
          "f_measure": 0.27519818799547
        }
      },
      "children_playing": {
        "count": {
          "Nref": 4081.0,
          "Nsys": 2172.0
        },
        "error_rate": {
          "deletion_rate": 0.6466552315608919,
          "insertion_rate": 0.17887772604753738,
          "error_rate": 0.8255329576084293
        },
        "accuracy": {
          "sensitivity": 0.35334476843910806,
          "specificity": 0.9502216160927378,
          "balanced_accuracy": 0.651783192265923,
          "accuracy": 0.8202816600874854
        },
        "f_measure": {
          "precision": 0.6639042357274402,
          "recall": 0.35334476843910806,
          "f_measure": 0.4612186150647689
        }
      },
      "engine_idling": {
        "count": {
          "Nref": 4037.0,
          "Nsys": 1683.0
        },
        "error_rate": {
          "deletion_rate": 0.6896210056973,
          "insertion_rate": 0.10651473866732722,
          "error_rate": 0.7961357443646272
        },
        "accuracy": {
          "sensitivity": 0.31037899430270005,
          "specificity": 0.9707661975661159,
          "balanced_accuracy": 0.640572595934408,
          "accuracy": 0.828550090686013
        },
        "f_measure": {
          "precision": 0.744503862150921,
          "recall": 0.31037899430270005,
          "f_measure": 0.43811188811188817
        }
      },
      "drilling": {
        "count": {
          "Nref": 4032.0,
          "Nsys": 2240.0
        },
        "error_rate": {
          "deletion_rate": 0.6205357142857143,
          "insertion_rate": 0.17609126984126985,
          "error_rate": 0.7966269841269842
        },
        "accuracy": {
          "sensitivity": 0.3794642857142857,
          "specificity": 0.9517466358570069,
          "balanced_accuracy": 0.6656054607856463,
          "accuracy": 0.8286567801130907
        },
        "f_measure": {
          "precision": 0.6830357142857143,
          "recall": 0.3794642857142857,
          "f_measure": 0.4878826530612245
        }
      },
      "dog_bark": {
        "count": {
          "Nref": 3885.0,
          "Nsys": 2141.0
        },
        "error_rate": {
          "deletion_rate": 0.6445302445302445,
          "insertion_rate": 0.1956241956241956,
          "error_rate": 0.8401544401544402
        },
        "accuracy": {
          "sensitivity": 0.35546975546975546,
          "specificity": 0.9488594307247157,
          "balanced_accuracy": 0.6521645930972355,
          "accuracy": 0.8258828550090686
        },
        "f_measure": {
          "precision": 0.6450256889304063,
          "recall": 0.35546975546975546,
          "f_measure": 0.45834716229671413
        }
      },
      "car_horn": {
        "count": {
          "Nref": 3315.0,
          "Nsys": 1779.0
        },
        "error_rate": {
          "deletion_rate": 0.5867269984917044,
          "insertion_rate": 0.12337858220211162,
          "error_rate": 0.710105580693816
        },
        "accuracy": {
          "sensitivity": 0.4132730015082956,
          "specificity": 0.9734949128377941,
          "balanced_accuracy": 0.6933839571730449,
          "accuracy": 0.874426544329457
        },
        "f_measure": {
          "precision": 0.7700955593029792,
          "recall": 0.4132730015082956,
          "f_measure": 0.5378877110325873
        }
      },
      "jackhammer": {
        "count": {
          "Nref": 3898.0,
          "Nsys": 2713.0
        },
        "error_rate": {
          "deletion_rate": 0.43509492047203696,
          "insertion_rate": 0.13109286813750642,
          "error_rate": 0.5661877886095434
        },
        "accuracy": {
          "sensitivity": 0.5649050795279631,
          "specificity": 0.9655845905172413,
          "balanced_accuracy": 0.7652448350226022,
          "accuracy": 0.8822682172196735
        },
        "f_measure": {
          "precision": 0.8116476225580538,
          "recall": 0.5649050795279631,
          "f_measure": 0.6661624565118742
        }
      },
      "siren": {
        "count": {
          "Nref": 4002.0,
          "Nsys": 2056.0
        },
        "error_rate": {
          "deletion_rate": 0.5974512743628186,
          "insertion_rate": 0.1111944027986007,
          "error_rate": 0.7086456771614194
        },
        "accuracy": {
          "sensitivity": 0.4025487256371814,
          "specificity": 0.9698182311448725,
          "balanced_accuracy": 0.686183478391027,
          "accuracy": 0.8487143924037128
        },
        "f_measure": {
          "precision": 0.7835603112840467,
          "recall": 0.4025487256371814,
          "f_measure": 0.5318586992406734
        }
      },
      "street_music": {
        "count": {
          "Nref": 3986.0,
          "Nsys": 2334.0
        },
        "error_rate": {
          "deletion_rate": 0.595333667837431,
          "insertion_rate": 0.18088309081786252,
          "error_rate": 0.7762167586552935
        },
        "accuracy": {
          "sensitivity": 0.404666332162569,
          "specificity": 0.9511517615176152,
          "balanced_accuracy": 0.6779090468400921,
          "accuracy": 0.8349514563106796
        },
        "f_measure": {
          "precision": 0.6910882604970009,
          "recall": 0.404666332162569,
          "f_measure": 0.5104430379746836
        }
      },
      "gun_shot": {
        "count": {
          "Nref": 3439.0,
          "Nsys": 1821.0
        },
        "error_rate": {
          "deletion_rate": 0.6347775516138412,
          "insertion_rate": 0.1642919453329456,
          "error_rate": 0.7990694969467869
        },
        "accuracy": {
          "sensitivity": 0.36522244838615875,
          "specificity": 0.9630887829097798,
          "balanced_accuracy": 0.6641556156479693,
          "accuracy": 0.8534087271951349
        },
        "f_measure": {
          "precision": 0.6897309170785283,
          "recall": 0.36522244838615875,
          "f_measure": 0.47756653992395437
        }
      }
    },
    "class_wise_average": {
      "error_rate": {
        "deletion_rate": 0.6265041433100581,
        "insertion_rate": 0.1531728748149948,
        "error_rate": 0.779677018125053
      },
      "accuracy": {
        "sensitivity": 0.3734958566899418,
        "specificity": 0.9601344844727933,
        "balanced_accuracy": 0.6668151705813676,
        "accuracy": 0.8392297023364984
      },
      "f_measure": {
        "precision": 0.701393327968681,
        "recall": 0.3734958566899418,
        "f_measure": 0.4844676951213838
      }
    },
    "overall": {
      "error_rate": {
        "deletion_rate": 0.5295458666873916,
        "insertion_rate": 0.05572394497551877,
        "error_rate": 0.6830133934354033,
        "substitution_rate": 0.09774358177249294
      },