{
  "strong": {
    "class_wise": {
      "drilling": {
        "count": {
          "Nref": 4032.0,
          "Nsys": 1890.0
        },
        "accuracy": {
          "specificity": 0.9505806103159601,
          "accuracy": 0.8086393547017618,
          "balanced_accuracy": 0.6188914956341705,
          "sensitivity": 0.28720238095238093
        },
        "f_measure": {
          "f_measure": 0.3910840932117528,
          "precision": 0.6126984126984127,
          "recall": 0.28720238095238093
        },
        "error_rate": {
          "deletion_rate": 0.7127976190476191,
          "error_rate": 0.8943452380952381,
          "insertion_rate": 0.18154761904761904
        }
      },
      "car_horn": {
        "count": {
          "Nref": 3315.0,
          "Nsys": 1391.0
        },
        "accuracy": {
          "specificity": 0.9746925107862708,
          "accuracy": 0.8561876459350456,
          "balanced_accuracy": 0.6378741588622153,
          "sensitivity": 0.30105580693815986
        },
        "f_measure": {
          "f_measure": 0.4241393965150871,
          "precision": 0.7174694464414091,
          "recall": 0.30105580693815986
        },
        "error_rate": {
          "deletion_rate": 0.6989441930618401,
          "error_rate": 0.8174962292609351,
          "insertion_rate": 0.11855203619909502
        }
      },
      "jackhammer": {
        "count": {
          "Nref": 3898.0,
          "Nsys": 3323.0
        },
        "accuracy": {
          "specificity": 0.9270038806369597,
          "accuracy": 0.8536934833368711,
          "balanced_accuracy": 0.7498026073272023,
          "sensitivity": 0.5726013340174448
        },
        "f_measure": {
          "f_measure": 0.6181969256335688,
          "precision": 0.6716822148660848,
          "recall": 0.5726013340174448
        },
        "error_rate": {
          "deletion_rate": 0.42739866598255516,
          "error_rate": 0.707285787583376,
          "insertion_rate": 0.2798871216008209
        }
      },
      "siren": {
        "count": {
          "Nref": 4002.0,
          "Nsys": 1586.0
        },
        "accuracy": {
          "specificity": 0.9710281633203073,
          "accuracy": 0.826151560178306,
          "balanced_accuracy": 0.6299418677671001,
          "sensitivity": 0.2888555722138931
        },
        "f_measure": {
          "f_measure": 0.41374373657838226,
          "precision": 0.7288776796973518,
          "recall": 0.2888555722138931
        },
        "error_rate": {
          "deletion_rate": 0.711144427786107,
          "error_rate": 0.8185907046476761,
          "insertion_rate": 0.10744627686156921
        }
      },
      "street_music": {
        "count": {
          "Nref": 3986.0,
          "Nsys": 2433.0
        },
        "accuracy": {
          "specificity": 0.9427917620137299,
          "accuracy": 0.8273721078327319,
          "balanced_accuracy": 0.6699658759893035,
          "sensitivity": 0.3971399899648771
        },
        "f_measure": {
          "f_measure": 0.49322324349587165,
          "precision": 0.6506370735717222,
          "recall": 0.3971399899648771
        },
        "error_rate": {
          "deletion_rate": 0.6028600100351229,
          "error_rate": 0.8161063723030607,
          "insertion_rate": 0.21324636226793778
        }
      },
      "engine_idling": {
        "count": {
          "Nref": 4037.0,
          "Nsys": 831.0
        },
        "accuracy": {
          "specificity": 0.9808198824880124,
          "accuracy": 0.7997240500955212,
          "balanced_accuracy": 0.5581582692103179,
          "sensitivity": 0.13549665593262322
        },
        "f_measure": {
          "f_measure": 0.22473294987674608,
          "precision": 0.6582430806257521,
          "recall": 0.13549665593262322
        },
        "error_rate": {
          "deletion_rate": 0.8645033440673767,
          "error_rate": 0.9348526133267278,
          "insertion_rate": 0.070349269259351
        }
      },
      "air_conditioner": {
        "count": {
          "Nref": 3926.0,
          "Nsys": 434.0
        },
        "accuracy": {
          "specificity": 0.9853867810698484,
          "accuracy": 0.7915516875398004,
          "balanced_accuracy": 0.5202023054610577,
          "sensitivity": 0.05501782985226694
        },
        "f_measure": {
          "f_measure": 0.09908256880733946,
          "precision": 0.4976958525345622,
          "recall": 0.05501782985226694
        },
        "error_rate": {
          "deletion_rate": 0.9449821701477331,
          "error_rate": 1.000509424350484,
          "insertion_rate": 0.05552725420275089
        }
      },
      "gun_shot": {
        "count": {
          "Nref": 3439.0,
          "Nsys": 1022.0
        },
        "accuracy": {
          "specificity": 0.9837715027588445,
          "accuracy": 0.8452027170452133,
          "balanced_accuracy": 0.6041276821732576,
          "sensitivity": 0.22448386158767084
        },
        "f_measure": {
          "f_measure": 0.346110737502802,
          "precision": 0.7553816046966731,
          "recall": 0.22448386158767084
        },
        "error_rate": {
          "deletion_rate": 0.7755161384123291,
          "error_rate": 0.848211689444606,
          "insertion_rate": 0.07269555103227683
        }
      },
      "dog_bark": {
        "count": {
          "Nref": 3885.0,
          "Nsys": 2686.0
        },
        "accuracy": {
          "specificity": 0.9142990841633799,
          "accuracy": 0.8003077902780726,
          "balanced_accuracy": 0.6378445227766707,
          "sensitivity": 0.3613899613899614
        },
        "f_measure": {
          "f_measure": 0.4273322173185208,
          "precision": 0.5227103499627699,
          "recall": 0.3613899613899614
        },
        "error_rate": {
          "deletion_rate": 0.6386100386100386,
          "error_rate": 0.9685971685971686,
          "insertion_rate": 0.32998712998713
        }
      },
      "children_playing": {
        "count": {
          "Nref": 4081.0,
          "Nsys": 1279.0
        },
        "accuracy": {
          "specificity": 0.9635575425049109,
          "accuracy": 0.7942050520059435,
          "balanced_accuracy": 0.5725653431711029,
          "sensitivity": 0.18157314383729478
        },
        "f_measure": {
          "f_measure": 0.2764925373134329,
          "precision": 0.5793588741204065,
          "recall": 0.18157314383729478
        },
        "error_rate": {
          "deletion_rate": 0.8184268561627053,
          "error_rate": 0.9502572898799314,
          "insertion_rate": 0.13183043371722616
        }
      }
    },
    "overall": {
      "accuracy": {
        "specificity": 0.9595032001014422,
        "accuracy": 0.8203035448949267,
        "balanced_accuracy": 0.6197350201693709,
        "sensitivity": 0.27996684023729956
      },
      "f_measure": {
        "f_measure": 0.3896099214074555,
        "precision": 0.6404148148148148,
        "recall": 0.27996684023729956
      },
      "error_rate": {
        "deletion_rate": 0.6079894303256392,
        "error_rate": 0.7651874303774513,
        "substitution_rate": 0.11204372943706122,
        "insertion_rate": 0.04515427061475091
      }
    },
    "class_wise_average": {
      "accuracy": {
        "specificity": 0.9593931720058222,
        "sensitivity": 0.2804816536686573,
        "balanced_accuracy": 0.6199374128372398,
        "accuracy": 0.8203035448949267
      },
      "f_measure": {
        "f_measure": 0.37141384062535043,
        "precision": 0.6394754589215144,
        "recall": 0.2804816536686573
      },
      "error_rate": {
        "deletion_rate": 0.7195183463313427,
        "error_rate": 0.8756252517489205,
        "insertion_rate": 0.1561069054175777
      }
    }
  },
  "weak": {
    "weighted": {
      "f1": 0.6215282234051678,
      "precision": 0.7263811889246895,
      "recall": 0.5728382238379641
    },
    "samples": {
      "f1": 0.6207038711288712,