{
  "strong": {
    "class_wise_average": {
      "accuracy": {
        "accuracy": 0.8370350690754516,
        "specificity": 0.9567066283236902,
        "balanced_accuracy": 0.6648987161934217,
        "sensitivity": 0.373090804063153
      },
      "error_rate": {
        "insertion_rate": 0.16547558391774592,
        "deletion_rate": 0.626909195936847,
        "error_rate": 0.792384779854593
      },
      "f_measure": {
        "recall": 0.373090804063153,
        "precision": 0.692721289177633,
        "f_measure": 0.48004883738839127
      }
    },
    "class_wise": {
      "car_horn": {
        "accuracy": {
          "accuracy": 0.8751859723698193,
          "specificity": 0.9756207674943567,
          "balanced_accuracy": 0.6905253158738751,
          "sensitivity": 0.40542986425339367
        },
        "count": {
          "Nref": 3315.0,
          "Nsys": 1722.0
        },
        "error_rate": {
          "insertion_rate": 0.11402714932126697,
          "deletion_rate": 0.5945701357466063,
          "error_rate": 0.7085972850678733
        },
        "f_measure": {
          "recall": 0.40542986425339367,
          "precision": 0.7804878048780488,
          "f_measure": 0.5336509827278142
        }
      },
      "dog_bark": {
        "accuracy": {
          "accuracy": 0.8325717321997874,
          "specificity": 0.9614328757951122,
          "balanced_accuracy": 0.6493136064947247,
          "sensitivity": 0.33719433719433717
        },
        "count": {
          "Nref": 3885.0,
          "Nsys": 1886.0
        },
        "error_rate": {
          "insertion_rate": 0.14826254826254825,
          "deletion_rate": 0.6628056628056628,
          "error_rate": 0.811068211068211
        },
        "f_measure": {
          "recall": 0.33719433719433717,
          "precision": 0.694591728525981,
          "f_measure": 0.4539941084734015
        }
      },
      "children_playing": {
        "accuracy": {
          "accuracy": 0.8094048884165781,
          "specificity": 0.9305244589185155,
          "balanced_accuracy": 0.6512460569525192,
          "sensitivity": 0.3719676549865229
        },
        "count": {
          "Nref": 4081.0,
          "Nsys": 2542.0
        },
        "error_rate": {
          "insertion_rate": 0.2509188924283264,
          "deletion_rate": 0.628032345013477,
          "error_rate": 0.8789512374418034
        },
        "f_measure": {
          "recall": 0.3719676549865229,
          "precision": 0.5971675845790716,
          "f_measure": 0.45840253661482705
        }
      },
      "engine_idling": {
        "accuracy": {
          "accuracy": 0.8302337938363443,
          "specificity": 0.9703037272542786,
          "balanced_accuracy": 0.6438092825025419,
          "sensitivity": 0.31731483775080505
        },
        "count": {
          "Nref": 4037.0,
          "Nsys": 1720.0
        },
        "error_rate": {
          "insertion_rate": 0.10874411691850384,
          "deletion_rate": 0.682685162249195,
          "error_rate": 0.7914292791676988
        },
        "f_measure": {
          "recall": 0.31731483775080505,
          "precision": 0.7447674418604651,
          "f_measure": 0.4450234497133924
        }
      },
      "drilling": {
        "accuracy": {
          "accuracy": 0.822316684378321,
          "specificity": 0.9546929943197187,
          "balanced_accuracy": 0.6457492749376371,
          "sensitivity": 0.3368055555555556
        },
        "count": {
          "Nref": 4032.0,
          "Nsys": 2028.0
        },
        "error_rate": {
          "insertion_rate": 0.1661706349206349,
          "deletion_rate": 0.6631944444444444,
          "error_rate": 0.8293650793650793
        },
        "f_measure": {
          "recall": 0.3368055555555556,
          "precision": 0.6696252465483234,
          "f_measure": 0.4481848184818482
        }
      },
      "gun_shot": {
        "accuracy": {
          "accuracy": 0.8608395324123274,
          "specificity": 0.9750991482998504,
          "balanced_accuracy": 0.6624550699335833,
          "sensitivity": 0.3498109915673161
        },
        "count": {
          "Nref": 3439.0,
          "Nsys": 1586.0
        },
        "error_rate": {
          "insertion_rate": 0.1113695841814481,
          "deletion_rate": 0.6501890084326839,
          "error_rate": 0.761558592614132
        },
        "f_measure": {
          "recall": 0.3498109915673161,
          "precision": 0.7585119798234552,
          "f_measure": 0.47880597014925375
        }
      },
      "air_conditioner": {
        "accuracy": {
          "accuracy": 0.7997343251859723,
          "specificity": 0.955015442460051,
          "balanced_accuracy": 0.5828312056925828,
          "sensitivity": 0.2106469689251146
        },
        "count": {
          "Nref": 3926.0,
          "Nsys": 1497.0
        },
        "error_rate": {
          "insertion_rate": 0.1706571574121243,
          "deletion_rate": 0.7893530310748854,
          "error_rate": 0.9600101884870097
        },
        "f_measure": {
          "recall": 0.2106469689251146,
          "precision": 0.552438209752839,
          "f_measure": 0.3049972340033192
        }
      },
      "siren": {
        "accuracy": {
          "accuracy": 0.8464930924548353,
          "specificity": 0.9682143339182075,
          "balanced_accuracy": 0.6820082164343662,
          "sensitivity": 0.39580209895052476
        },
        "count": {
          "Nref": 4002.0,
          "Nsys": 2055.0
        },
        "error_rate": {
          "insertion_rate": 0.1176911544227886,
          "deletion_rate": 0.6041979010494752,
          "error_rate": 0.7218890554722639
        },
        "f_measure": {
          "recall": 0.39580209895052476,
          "precision": 0.7708029197080292,
          "f_measure": 0.5230312035661219
        }
      },
      "jackhammer": {
        "accuracy": {
          "accuracy": 0.8671094580233794,
          "specificity": 0.9432381718268329,
          "balanced_accuracy": 0.7594590038200353,
          "sensitivity": 0.5756798358132376
        },
        "count": {
          "Nref": 3898.0,
          "Nsys": 3091.0
        },
        "error_rate": {
          "insertion_rate": 0.2172909184197024,
          "deletion_rate": 0.42432016418676244,
          "error_rate": 0.6416110826064648
        },
        "f_measure": {
          "recall": 0.5756798358132376,
          "precision": 0.7259786476868327,
          "f_measure": 0.6421519530691085
        }
      },
      "street_music": {
        "accuracy": {
          "accuracy": 0.826461211477152,
          "specificity": 0.9329243629499798,
          "balanced_accuracy": 0.6815901292923507,
          "sensitivity": 0.43025589563472155
        },
        "count": {
          "Nref": 3986.0,
          "Nsys": 2710.0
        },
        "error_rate": {
          "insertion_rate": 0.2496236828901154,
          "deletion_rate": 0.5697441043652784,
          "error_rate": 0.8193677872553938
        },
        "f_measure": {
          "recall": 0.43025589563472155,
          "precision": 0.6328413284132841,
          "f_measure": 0.5122461170848267
        }
      }
    },
    "overall": {
      "accuracy": {
        "accuracy": 0.8370350690754517,
        "specificity": 0.9568646849243645,
        "balanced_accuracy": 0.6647487591353254,
        "sensitivity": 0.3726328333462864
      },
      "error_rate": {
        "insertion_rate": 0.06038703660526929,
        "substitution_rate": 0.10678479832128701,
        "error_rate": 0.6877542032589831,
        "deletion_rate": 0.5205823683324267
      },
      "f_measure": {
        "recall": 0.3726328333462864,
        "precision": 0.6903105053510582,
        "f_measure": 0.48400013459403074
      }
    }
  },
  "weak": {
    "macro": {
      "f1": 0.7265509059330737,
      "recall": 0.7055621887384889,
      "precision": 0.7552503568122152
    },
    "weighted": {
      "f1": 0.7269914997297562,
      "recall": 0.7052713580888081,