{
  "weak": {
    "macro": {
      "recall": 0.6515882177401212,
      "precision": 0.7033277453108668,
      "f1": 0.6724508277433378
    },
    "weighted": {
      "recall": 0.652038431576214,
      "precision": 0.7032934991935186,
      "f1": 0.6726678017557189
    },
    "micro": {
      "recall": 0.652038431576214,
      "precision": 0.6973063038044988,
      "f1": 0.673913043478261
    },
    "samples": {
      "recall": 0.664121626984127,
      "precision": 0.7022373015873016,
      "f1": 0.65993807997558
    }
  },
  "strong": {
    "class_wise_average": {
      "f_measure": {
        "recall": 0.3172452602451662,
        "f_measure": 0.4149538706131944,
        "precision": 0.6202115696789783
      },
      "error_rate": {
        "insertion_rate": 0.19917512364932832,
        "error_rate": 0.8819298634041621,
        "deletion_rate": 0.6827547397548337
      },
      "accuracy": {
        "accuracy": 0.8188985568760611,
        "sensitivity": 0.3172452602451662,
        "balanced_accuracy": 0.6327970182491129,
        "specificity": 0.9483487762530597
      }
    },
    "overall": {
      "f_measure": {
        "recall": 0.31582083365715913,
        "f_measure": 0.41667236311436184,
        "precision": 0.6121516444890786
      },
      "error_rate": {
        "insertion_rate": 0.07624154814642108,
        "error_rate": 0.760420714489262,
        "deletion_rate": 0.560322271443745,
        "substitution_rate": 0.12385689489909588
      },
      "accuracy": {
        "specificity": 0.9484650951767759,
        "sensitivity": 0.31582083365715913,
        "balanced_accuracy": 0.6321429644169675,
        "accuracy": 0.8188985568760612
      }
    },
    "class_wise": {
      "children_playing": {
        "f_measure": {
          "recall": 0.19823572653761334,
          "f_measure": 0.30271281571562214,
          "precision": 0.6400316455696202
        },
        "count": {
          "Nref": 4081.0,
          "Nsys": 1264.0
        },
        "error_rate": {
          "insertion_rate": 0.11149228130360206,
          "error_rate": 0.9132565547659888,
          "deletion_rate": 0.8017642734623867
        },
        "accuracy": {
          "specificity": 0.9691880544457235,
          "sensitivity": 0.19823572653761334,
          "balanced_accuracy": 0.5837118904916685,
          "accuracy": 0.8022601867572157
        }
      },
      "air_conditioner": {
        "f_measure": {
          "recall": 0.21268466632705044,
          "f_measure": 0.2764900662251656,
          "precision": 0.39498580889309365
        },
        "count": {
          "Nref": 3926.0,
          "Nsys": 2114.0
        },
        "error_rate": {
          "insertion_rate": 0.325776872134488,
          "error_rate": 1.1130922058074377,
          "deletion_rate": 0.7873153336729496
        },
        "accuracy": {
          "specificity": 0.914287629004155,
          "sensitivity": 0.21268466632705044,
          "balanced_accuracy": 0.5634861476656027,
          "accuracy": 0.7681451612903226
        }
      },
      "gun_shot": {
        "f_measure": {
          "recall": 0.26955510322768245,
          "f_measure": 0.39039797852179403,
          "precision": 0.7076335877862595
        },
        "count": {
          "Nref": 3439.0,
          "Nsys": 1310.0
        },
        "error_rate": {
          "insertion_rate": 0.1113695841814481,
          "error_rate": 0.8418144809537655,
          "deletion_rate": 0.7304448967723175
        },
        "accuracy": {
          "specificity": 0.9751443961321306,
          "sensitivity": 0.26955510322768245,
          "balanced_accuracy": 0.6223497496799065,
          "accuracy": 0.8464028013582343
        }
      },
      "drilling": {
        "f_measure": {
          "recall": 0.3211805555555556,
          "f_measure": 0.40761724897702234,
          "precision": 0.55770887166236
        },
        "count": {
          "Nref": 4032.0,
          "Nsys": 2322.0
        },
        "error_rate": {
          "insertion_rate": 0.25471230158730157,
          "error_rate": 0.933531746031746,
          "deletion_rate": 0.6788194444444444
        },
        "accuracy": {
          "specificity": 0.9306830453563715,
          "sensitivity": 0.3211805555555556,
          "balanced_accuracy": 0.6259318004559635,
          "accuracy": 0.8002971137521222
        }
      },
      "street_music": {
        "f_measure": {
          "recall": 0.2985449071751129,
          "f_measure": 0.42123893805309737,
          "precision": 0.7151442307692307
        },
        "count": {
          "Nref": 3986.0,
          "Nsys": 1664.0
        },
        "error_rate": {
          "insertion_rate": 0.11891620672353237,
          "error_rate": 0.8203712995484194,
          "deletion_rate": 0.701455092824887
        },
        "accuracy": {
          "specificity": 0.968106580540977,
          "sensitivity": 0.2985449071751129,
          "balanced_accuracy": 0.633325743858045,
          "accuracy": 0.8265067911714771
        }
      },
      "siren": {
        "f_measure": {
          "recall": 0.37631184407796103,
          "f_measure": 0.4824603555982701,
          "precision": 0.6720214190093708
        },
        "count": {
          "Nref": 4002.0,
          "Nsys": 2241.0
        },
        "error_rate": {
          "insertion_rate": 0.18365817091454273,
          "error_rate": 0.8073463268365817,
          "deletion_rate": 0.623688155922039
        },
        "accuracy": {
          "specificity": 0.9504917149400512,
          "sensitivity": 0.37631184407796103,
          "balanced_accuracy": 0.6634017795090061,
          "accuracy": 0.8285759762308998
        }
      },
      "dog_bark": {
        "f_measure": {
          "recall": 0.3464607464607465,
          "f_measure": 0.40905637441118375,
          "precision": 0.4992581602373887
        },
        "count": {
          "Nref": 3885.0,
          "Nsys": 2696.0
        },
        "error_rate": {
          "insertion_rate": 0.3474903474903475,
          "error_rate": 1.0010296010296011,
          "deletion_rate": 0.6535392535392536
        },
        "accuracy": {
          "specificity": 0.9097774510459132,
          "sensitivity": 0.3464607464607465,
          "balanced_accuracy": 0.6281190987533298,
          "accuracy": 0.7936651103565365
        }
      },
      "car_horn": {
        "f_measure": {
          "recall": 0.4030165912518854,
          "f_measure": 0.50866171711403,
          "precision": 0.6893704850361198
        },
        "count": {
          "Nref": 3315.0,
          "Nsys": 1938.0
        },
        "error_rate": {
          "insertion_rate": 0.18159879336349924,
          "error_rate": 0.7785822021116139,
          "deletion_rate": 0.5969834087481146
        },
        "accuracy": {
          "specificity": 0.9612438035150969,
          "sensitivity": 0.4030165912518854,
          "balanced_accuracy": 0.6821301973834911,
          "accuracy": 0.8630623938879457
        }
      },
      "jackhammer": {
        "f_measure": {
          "recall": 0.47819394561313494,
          "f_measure": 0.5866247049567269,
          "precision": 0.7586487586487587
        },
        "count": {
          "Nref": 3898.0,
          "Nsys": 2457.0
        },
        "error_rate": {
          "insertion_rate": 0.1521292970754233,
          "error_rate": 0.6739353514622883,
          "deletion_rate": 0.521806054386865
        },
        "accuracy": {
          "specificity": 0.9603344481605351,
          "sensitivity": 0.47819394561313494,
          "balanced_accuracy": 0.7192641968868351,
          "accuracy": 0.8606218166383701
        }
      },
      "engine_idling": {
        "f_measure": {
          "recall": 0.2682685162249195,
          "f_measure": 0.3642785065590313,
          "precision": 0.5673127291775799
        },
        "count": {
          "Nref": 4037.0,
          "Nsys": 1909.0
        },
        "error_rate": {
          "insertion_rate": 0.20460738171909834,