{
  "strong": {
    "class_wise": {
      "dog_bark": {
        "count": {
          "Nref": 3885.0,
          "Nsys": 7486.0
        },
        "accuracy": {
          "sensitivity": 0.5969111969111969,
          "accuracy": 0.6625739200160369,
          "balanced_accuracy": 0.6376801923942381,
          "specificity": 0.6784491878772793
        },
        "f_measure": {
          "recall": 0.5969111969111969,
          "f_measure": 0.40787969395831497,
          "precision": 0.3097782527384451
        },
        "error_rate": {
          "insertion_rate": 1.32998712998713,
          "deletion_rate": 0.40308880308880307,
          "error_rate": 1.733075933075933
        }
      },
      "air_conditioner": {
        "count": {
          "Nref": 3926.0,
          "Nsys": 6752.0
        },
        "accuracy": {
          "sensitivity": 0.5185939887926643,
          "accuracy": 0.6689385586849754,
          "balanced_accuracy": 0.6121794500988527,
          "specificity": 0.7057649114050412
        },
        "f_measure": {
          "recall": 0.5185939887926643,
          "f_measure": 0.381344821127552,
          "precision": 0.3015402843601896
        },
        "error_rate": {
          "insertion_rate": 1.2012226184411614,
          "deletion_rate": 0.4814060112073357,
          "error_rate": 1.6826286296484971
        }
      },
      "siren": {
        "count": {
          "Nref": 4002.0,
          "Nsys": 7137.0
        },
        "accuracy": {
          "sensitivity": 0.611944027986007,
          "accuracy": 0.6872306304500351,
          "balanced_accuracy": 0.6590311915256013,
          "specificity": 0.7061183550651956
        },
        "f_measure": {
          "recall": 0.611944027986007,
          "f_measure": 0.43971631205673756,
          "precision": 0.34314137592826116
        },
        "error_rate": {
          "insertion_rate": 1.1714142928535731,
          "deletion_rate": 0.388055972013993,
          "error_rate": 1.5594702648675662
        }
      },
      "children_playing": {
        "count": {
          "Nref": 4081.0,
          "Nsys": 8073.0
        },
        "accuracy": {
          "sensitivity": 0.6363636363636364,
          "accuracy": 0.6511977548361231,
          "balanced_accuracy": 0.6456876456876457,
          "specificity": 0.655011655011655
        },
        "f_measure": {
          "recall": 0.6363636363636364,
          "f_measure": 0.4273490208984696,
          "precision": 0.32168958255914776
        },
        "error_rate": {
          "insertion_rate": 1.3418279833374174,
          "deletion_rate": 0.36363636363636365,
          "error_rate": 1.705464346973781
        }
      },
      "jackhammer": {
        "count": {
          "Nref": 3898.0,
          "Nsys": 9302.0
        },
        "accuracy": {
          "sensitivity": 0.7768086198050282,
          "accuracy": 0.6419765460559287,
          "balanced_accuracy": 0.6930256352637498,
          "specificity": 0.6092426507224713
        },
        "f_measure": {
          "recall": 0.7768086198050282,
          "f_measure": 0.45878787878787874,
          "precision": 0.3255213932487637
        },
        "error_rate": {
          "insertion_rate": 1.6095433555669574,
          "deletion_rate": 0.22319138019497178,
          "error_rate": 1.8327347357619292
        }
      },
      "gun_shot": {
        "count": {
          "Nref": 3439.0,
          "Nsys": 7764.0
        },
        "accuracy": {
          "sensitivity": 0.6594940389648154,
          "accuracy": 0.6658815275132806,
          "balanced_accuracy": 0.6633528323797737,
          "specificity": 0.667211625794732
        },
        "f_measure": {
          "recall": 0.6594940389648154,
          "f_measure": 0.40489154690707846,
          "precision": 0.2921174652241113
        },
        "error_rate": {
          "insertion_rate": 1.5981389938935737,
          "deletion_rate": 0.34050596103518466,
          "error_rate": 1.9386449549287583
        }
      },
      "street_music": {
        "count": {
          "Nref": 3986.0,
          "Nsys": 8608.0
        },
        "accuracy": {
          "sensitivity": 0.717762167586553,
          "accuracy": 0.6556078981657812,
          "balanced_accuracy": 0.6789274264786472,
          "specificity": 0.6400926853707415
        },
        "f_measure": {
          "recall": 0.717762167586553,
          "f_measure": 0.45434333809750677,
          "precision": 0.33236524163568776
        },
        "error_rate": {
          "insertion_rate": 1.4417962870045158,
          "deletion_rate": 0.2822378324134471,
          "error_rate": 1.724034119417963
        }
      },
      "car_horn": {
        "count": {
          "Nref": 3315.0,
          "Nsys": 7407.0
        },
        "accuracy": {
          "sensitivity": 0.6383107088989441,
          "accuracy": 0.6747519294377067,
          "balanced_accuracy": 0.6601614245257987,
          "specificity": 0.6820121401526534
        },
        "f_measure": {
          "recall": 0.6383107088989441,
          "f_measure": 0.39470248088043275,
          "precision": 0.28567571216416904
        },
        "error_rate": {
          "insertion_rate": 1.5960784313725491,
          "deletion_rate": 0.3616892911010558,
          "error_rate": 1.957767722473605
        }
      },
      "engine_idling": {
        "count": {
          "Nref": 4037.0,
          "Nsys": 7111.0
        },
        "accuracy": {
          "sensitivity": 0.6158038147138964,
          "accuracy": 0.690488122682169,
          "balanced_accuracy": 0.6626169918577964,
          "specificity": 0.7094301690016963
        },
        "f_measure": {
          "recall": 0.6158038147138964,
          "f_measure": 0.4459992823824901,
          "precision": 0.3495992124876951
        },
        "error_rate": {
          "insertion_rate": 1.1456527124102056,
          "deletion_rate": 0.38419618528610355,
          "error_rate": 1.5298488976963092
        }
      },
      "drilling": {
        "count": {
          "Nref": 4032.0,
          "Nsys": 8126.0
        },
        "accuracy": {
          "sensitivity": 0.6316964285714286,
          "accuracy": 0.6459857672647088,
          "balanced_accuracy": 0.6406503748183108,
          "specificity": 0.6496043210651928
        },
        "f_measure": {
          "recall": 0.6316964285714286,
          "f_measure": 0.41898338542523433,
          "precision": 0.31343834604971693
        },
        "error_rate": {
          "insertion_rate": 1.3836805555555556,
          "deletion_rate": 0.36830357142857145,
          "error_rate": 1.751984126984127
        }
      }
    },
    "overall": {
      "accuracy": {
        "sensitivity": 0.6400611383124789,
        "accuracy": 0.6644632655106746,
        "balanced_accuracy": 0.6551886104016802,
        "specificity": 0.6703160824908816
      },
      "f_measure": {
        "recall": 0.6400611383124789,
        "f_measure": 0.42463928777058785,
        "precision": 0.31770953887302933
      },
      "error_rate": {
        "insertion_rate": 1.225356856039999,
        "deletion_rate": 0.21074583560011398,
        "substitution_rate": 0.14919302608740706,
        "error_rate": 1.58529571772752
      }
    },
    "class_wise_average": {
      "accuracy": {
        "sensitivity": 0.640368862859417,
        "accuracy": 0.6644632655106746,
        "specificity": 0.6702937701466658,
        "balanced_accuracy": 0.6553313165030414
      },
      "f_measure": {
        "recall": 0.640368862859417,
        "f_measure": 0.4233997760521696,
        "precision": 0.31748668663961876
      },
      "error_rate": {
        "insertion_rate": 1.3819342360422637,
        "deletion_rate": 0.359631137140583,
        "error_rate": 1.741565373182847
      }
    }
  },
  "weak": {
    "micro": {
      "recall": 0.7081277590236302,
      "precision": 0.7577104751319811,
      "f1": 0.7320805369127518
    },
    "samples": {
      "recall": 0.7226494047619046,
      "precision": 0.7735069444444445,