{
  "strong": {
    "overall": {
      "accuracy": {
        "specificity": 0.9531820373303946,
        "accuracy": 0.9344938383403069,
        "sensitivity": 0.5760211383903997,
        "balanced_accuracy": 0.7646015878603971
      },
      "f_measure": {
        "recall": 0.5760211383903997,
        "f_measure": 0.46564613741545036,
        "precision": 0.3907685413399059
      },
      "error_rate": {
        "deletion_rate": 0.14378509303093692,
        "insertion_rate": 0.6178575360563691,
        "substitution_rate": 0.28019376857866346,
        "error_rate": 1.0418363976659695
      }
    },
    "class_wise": {
      "Skateboard": {
        "accuracy": {
          "specificity": 0.971718914773272,
          "accuracy": 0.9583603820829083,
          "sensitivity": 0.5625,
          "balanced_accuracy": 0.7671094573866359
        },
        "f_measure": {
          "recall": 0.5625,
          "f_measure": 0.4686390532544379,
          "precision": 0.40162271805273836
        },
        "error_rate": {
          "deletion_rate": 0.4375,
          "insertion_rate": 0.8380681818181818,
          "error_rate": 1.2755681818181817
        },
        "count": {
          "Nref": 352.0,
          "Nsys": 493.0
        }
      },
      "Train horn": {
        "accuracy": {
          "specificity": 0.981204083579811,
          "accuracy": 0.9714365204488546,
          "sensitivity": 0.6324503311258278,
          "balanced_accuracy": 0.8068272073528194
        },
        "f_measure": {
          "recall": 0.6324503311258278,
          "f_measure": 0.5536231884057972,
          "precision": 0.49226804123711343
        },
        "error_rate": {
          "deletion_rate": 0.3675496688741722,
          "insertion_rate": 0.652317880794702,
          "error_rate": 1.019867549668874
        },
        "count": {
          "Nref": 302.0,
          "Nsys": 388.0
        }
      },
      "Police car (siren)": {
        "accuracy": {
          "specificity": 0.9654936461388074,
          "accuracy": 0.9427803023277381,
          "sensitivity": 0.5226039783001808,
          "balanced_accuracy": 0.7440488122194941
        },
        "f_measure": {
          "recall": 0.5226039783001808,
          "f_measure": 0.4836820083682008,
          "precision": 0.4501557632398754
        },
        "error_rate": {
          "deletion_rate": 0.47739602169981915,
          "insertion_rate": 0.6383363471971067,
          "error_rate": 1.1157323688969258
        },
        "count": {
          "Nref": 553.0,
          "Nsys": 642.0
        }
      },
      "Civil defense siren": {
        "accuracy": {
          "specificity": 0.981076863051112,
          "accuracy": 0.9755170175275897,
          "sensitivity": 0.8681732580037664,
          "balanced_accuracy": 0.9246250605274392
        },
        "f_measure": {
          "recall": 0.8681732580037664,
          "f_measure": 0.7774030354131535,
          "precision": 0.7038167938931298
        },
        "error_rate": {
          "deletion_rate": 0.1318267419962335,
          "insertion_rate": 0.3653483992467043,
          "error_rate": 0.4971751412429378
        },
        "count": {
          "Nref": 531.0,
          "Nsys": 655.0
        }
      },
      "Screaming": {
        "accuracy": {
          "specificity": 0.9861336903509611,
          "accuracy": 0.9743114161179635,
          "sensitivity": 0.5950920245398773,
          "balanced_accuracy": 0.7906128574454192
        },
        "f_measure": {
          "recall": 0.5950920245398773,
          "f_measure": 0.5834586466165413,
          "precision": 0.5722713864306784
        },
        "error_rate": {
          "deletion_rate": 0.4049079754601227,
          "insertion_rate": 0.4447852760736196,
          "error_rate": 0.8496932515337423
        },
        "count": {
          "Nref": 326.0,
          "Nsys": 339.0
        }
      },
      "Fire engine, fire truck (siren)": {
        "accuracy": {
          "specificity": 0.9644787644787645,
          "accuracy": 0.9510340350551795,
          "sensitivity": 0.6217494089834515,
          "balanced_accuracy": 0.793114086731108
        },
        "f_measure": {
          "recall": 0.6217494089834515,
          "f_measure": 0.4990512333965844,
          "precision": 0.41679873217115687
        },
        "error_rate": {
          "deletion_rate": 0.37825059101654845,
          "insertion_rate": 0.8699763593380615,
          "error_rate": 1.24822695035461
        },
        "count": {
          "Nref": 423.0,
          "Nsys": 631.0
        }
      },
      "Train": {
        "accuracy": {
          "specificity": 0.9455256925136443,
          "accuracy": 0.9142168227765928,
          "sensitivity": 0.6305970149253731,
          "balanced_accuracy": 0.7880613537195087
        },
        "f_measure": {
          "recall": 0.6305970149253731,
          "f_measure": 0.5937637241985069,
          "precision": 0.5609958506224066
        },
        "error_rate": {
          "deletion_rate": 0.3694029850746269,
          "insertion_rate": 0.49347014925373134,
          "error_rate": 0.8628731343283582
        },
        "count": {
          "Nref": 1072.0,
          "Nsys": 1205.0
        }
      },
      "Bus": {
        "accuracy": {
          "specificity": 0.9433743103281386,
          "accuracy": 0.9171844570156729,
          "sensitivity": 0.3185840707964602,
          "balanced_accuracy": 0.6309791905622993
        },
        "f_measure": {
          "recall": 0.3185840707964602,
          "f_measure": 0.24386113463166803,
          "precision": 0.19753086419753085
        },
        "error_rate": {
          "deletion_rate": 0.6814159292035398,
          "insertion_rate": 1.2942477876106195,
          "error_rate": 1.9756637168141593
        },
        "count": {
          "Nref": 452.0,
          "Nsys": 729.0
        }
      },
      "Air horn, truck horn": {
        "accuracy": {
          "specificity": 0.9899511915015791,
          "accuracy": 0.9718074747287396,
          "sensitivity": 0.4041916167664671,
          "balanced_accuracy": 0.6970714041340231
        },
        "f_measure": {
          "recall": 0.4041916167664671,
          "f_measure": 0.47038327526132406,
          "precision": 0.5625
        },
        "error_rate": {
          "deletion_rate": 0.5958083832335329,
          "insertion_rate": 0.3143712574850299,
          "error_rate": 0.9101796407185628
        },
        "count": {
          "Nref": 334.0,
          "Nsys": 240.0
        }
      },
      "Car passing by": {
        "accuracy": {
          "specificity": 0.97151051625239,
          "accuracy": 0.9459334137067607,
          "sensitivity": 0.11764705882352941,
          "balanced_accuracy": 0.5445787875379597
        },
        "f_measure": {
          "recall": 0.11764705882352941,
          "f_measure": 0.11532625189681334,
          "precision": 0.1130952380952381
        },
        "error_rate": {
          "deletion_rate": 0.8823529411764706,
          "insertion_rate": 0.9226006191950464,
          "error_rate": 1.804953560371517
        },
        "count": {
          "Nref": 323.0,
          "Nsys": 336.0
        }
      },
      "Car alarm": {
        "accuracy": {
          "specificity": 0.9957862478452404,
          "accuracy": 0.9737549846981359,
          "sensitivity": 0.2991202346041056,
          "balanced_accuracy": 0.647453241224673
        },
        "f_measure": {
          "recall": 0.2991202346041056,
          "f_measure": 0.4188911704312115,
          "precision": 0.6986301369863014
        },
        "error_rate": {
          "deletion_rate": 0.7008797653958945,
          "insertion_rate": 0.12903225806451613,
          "error_rate": 0.8299120234604106
        },
        "count": {
          "Nref": 341.0,
          "Nsys": 146.0
        }
      },
      "Ambulance (siren)": {
        "accuracy": {
          "specificity": 0.9895030816640986,
          "accuracy": 0.9625336177316146,