{
  "strong": {
    "class_wise_average": {
      "error_rate": {
        "error_rate": 1.3373759526299427,
        "deletion_rate": 0.5080981962017574,
        "insertion_rate": 0.8292777564281854
      },
      "accuracy": {
        "specificity": 0.9487415356179213,
        "accuracy": 0.9321871181707104,
        "balanced_accuracy": 0.720321669708082,
        "sensitivity": 0.49190180379824255
      },
      "f_measure": {
        "recall": 0.49190180379824255,
        "f_measure": 0.4303754948495684,
        "precision": 0.42069327095843695
      }
    },
    "class_wise": {
      "Bicycle": {
        "accuracy": {
          "specificity": 0.9351535836177475,
          "accuracy": 0.9254451038575667,
          "balanced_accuracy": 0.7133395036732806,
          "sensitivity": 0.4915254237288136
        },
        "error_rate": {
          "error_rate": 3.406779661016949,
          "deletion_rate": 0.5084745762711864,
          "insertion_rate": 2.8983050847457625
        },
        "f_measure": {
          "recall": 0.4915254237288136,
          "f_measure": 0.22393822393822393,
          "precision": 0.145
        },
        "count": {
          "Nref": 236.0,
          "Nsys": 800.0
        }
      },
      "Bus": {
        "accuracy": {
          "specificity": 0.9387340301974448,
          "accuracy": 0.9147811572700296,
          "balanced_accuracy": 0.6529953336827932,
          "sensitivity": 0.3672566371681416
        },
        "error_rate": {
          "error_rate": 2.0331858407079646,
          "deletion_rate": 0.6327433628318584,
          "insertion_rate": 1.4004424778761062
        },
        "f_measure": {
          "recall": 0.3672566371681416,
          "f_measure": 0.2653876898481215,
          "precision": 0.20775969962453067
        },
        "count": {
          "Nref": 452.0,
          "Nsys": 799.0
        }
      },
      "Car passing by": {
        "accuracy": {
          "specificity": 0.9814549278271676,
          "accuracy": 0.9529859050445104,
          "balanced_accuracy": 0.5062073400745745,
          "sensitivity": 0.030959752321981424
        },
        "error_rate": {
          "error_rate": 1.5696594427244581,
          "deletion_rate": 0.9690402476780186,
          "insertion_rate": 0.6006191950464397
        },
        "f_measure": {
          "recall": 0.030959752321981424,
          "f_measure": 0.03795066413662239,
          "precision": 0.049019607843137254
        },
        "count": {
          "Nref": 323.0,
          "Nsys": 204.0
        }
      },
      "Skateboard": {
        "accuracy": {
          "specificity": 0.9746932515337423,
          "accuracy": 0.9591988130563798,
          "balanced_accuracy": 0.7373466257668712,
          "sensitivity": 0.5
        },
        "error_rate": {
          "error_rate": 1.25,
          "deletion_rate": 0.5,
          "insertion_rate": 0.75
        },
        "f_measure": {
          "recall": 0.5,
          "f_measure": 0.4444444444444445,
          "precision": 0.4
        },
        "count": {
          "Nref": 352.0,
          "Nsys": 440.0
        }
      },
      "Screaming": {
        "accuracy": {
          "specificity": 0.9854656722126601,
          "accuracy": 0.9719955489614244,
          "balanced_accuracy": 0.7626714864130786,
          "sensitivity": 0.5398773006134969
        },
        "error_rate": {
          "error_rate": 0.9263803680981595,
          "deletion_rate": 0.4601226993865031,
          "insertion_rate": 0.4662576687116564
        },
        "f_measure": {
          "recall": 0.5398773006134969,
          "f_measure": 0.5382262996941897,
          "precision": 0.5365853658536586
        },
        "count": {
          "Nref": 326.0,
          "Nsys": 328.0
        }
      },
      "Car": {
        "accuracy": {
          "specificity": 0.6554583664659775,
          "accuracy": 0.6803597922848664,
          "balanced_accuracy": 0.7232365027685769,
          "sensitivity": 0.7910146390711762
        },
        "error_rate": {
          "error_rate": 1.7400302877334681,
          "deletion_rate": 0.20898536092882383,
          "insertion_rate": 1.5310449268046442
        },
        "f_measure": {
          "recall": 0.7910146390711762,
          "f_measure": 0.47621941954110325,
          "precision": 0.3406521739130435
        },
        "count": {
          "Nref": 1981.0,
          "Nsys": 4600.0
        }
      },
      "Car alarm": {
        "accuracy": {
          "specificity": 0.9950205879536531,
          "accuracy": 0.9713464391691394,
          "balanced_accuracy": 0.6206774494020465,
          "sensitivity": 0.24633431085043989
        },
        "error_rate": {
          "error_rate": 0.906158357771261,
          "deletion_rate": 0.7536656891495601,
          "insertion_rate": 0.15249266862170088
        },
        "f_measure": {
          "recall": 0.24633431085043989,
          "f_measure": 0.35220125786163525,
          "precision": 0.6176470588235294
        },
        "count": {
          "Nref": 341.0,
          "Nsys": 136.0
        }
      },
      "Train horn": {
        "accuracy": {
          "specificity": 0.9824460980728869,
          "accuracy": 0.9725519287833828,
          "balanced_accuracy": 0.8057925854602845,
          "sensitivity": 0.6291390728476821
        },
        "error_rate": {
          "error_rate": 0.9801324503311258,
          "deletion_rate": 0.3708609271523179,
          "insertion_rate": 0.609271523178808
        },
        "f_measure": {
          "recall": 0.6291390728476821,
          "f_measure": 0.5621301775147929,
          "precision": 0.5080213903743316
        },
        "count": {
          "Nref": 302.0,
          "Nsys": 374.0
        }
      },
      "Police car (siren)": {
        "accuracy": {
          "specificity": 0.9680383149252273,
          "accuracy": 0.9454747774480712,
          "balanced_accuracy": 0.7480336240087258,
          "sensitivity": 0.5280289330922242
        },
        "error_rate": {
          "error_rate": 1.0632911392405062,
          "deletion_rate": 0.4719710669077758,
          "insertion_rate": 0.5913200723327305
        },
        "f_measure": {
          "recall": 0.5280289330922242,
          "f_measure": 0.49829351535836175,
          "precision": 0.4717285945072698
        },
        "count": {
          "Nref": 553.0,
          "Nsys": 619.0
        }
      },
      "Air horn, truck horn": {
        "accuracy": {
          "specificity": 0.9882296650717703,
          "accuracy": 0.9693063798219584,
          "balanced_accuracy": 0.6827375870269031,
          "sensitivity": 0.3772455089820359
        },
        "error_rate": {
          "error_rate": 0.9910179640718564,
          "deletion_rate": 0.6227544910179641,
          "insertion_rate": 0.36826347305389223
        },
        "f_measure": {
          "recall": 0.3772455089820359,
          "f_measure": 0.4322469982847341,
          "precision": 0.5060240963855421
        },
        "count": {
          "Nref": 334.0,
          "Nsys": 249.0
        }
      },
      "Fire engine, fire truck (siren)": {
        "accuracy": {
          "specificity": 0.9568574461924525,
          "accuracy": 0.9455675074183977,
          "balanced_accuracy": 0.8129440895264863,
          "sensitivity": 0.6690307328605201
        },
        "error_rate": {
          "error_rate": 1.3877068557919623,
          "deletion_rate": 0.3309692671394799,
          "insertion_rate": 1.0567375886524824
        },
        "f_measure": {
          "recall": 0.6690307328605201,
          "f_measure": 0.4908933217692975,
          "precision": 0.38767123287671235
        },
        "count": {
          "Nref": 423.0,
          "Nsys": 730.0
        }
      },
      "Civil defense siren": {
        "accuracy": {
          "specificity": 0.9846874085633474,
          "accuracy": 0.9781157270029673,
          "balanced_accuracy": 0.9179557570123704,
          "sensitivity": 0.8512241054613936
        },