{
  "strong": {
    "class_wise": {
      "Train": {
        "f_measure": {
          "f_measure": 0.4171505136221527,
          "recall": 0.435634328358209,
          "precision": 0.4001713796058269
        },
        "error_rate": {
          "deletion_rate": 0.5643656716417911,
          "insertion_rate": 0.6529850746268657,
          "error_rate": 1.2173507462686568
        },
        "accuracy": {
          "specificity": 0.9190283400809717,
          "sensitivity": 0.435634328358209,
          "accuracy": 0.8656992899042915,
          "balanced_accuracy": 0.6773313342195904
        },
        "count": {
          "Nref": 1072.0,
          "Nsys": 1167.0
        }
      },
      "Air horn, truck horn": {
        "f_measure": {
          "f_measure": 0.27941176470588236,
          "recall": 0.2275449101796407,
          "precision": 0.3619047619047619
        },
        "error_rate": {
          "deletion_rate": 0.7724550898203593,
          "insertion_rate": 0.40119760479041916,
          "error_rate": 1.1736526946107784
        },
        "accuracy": {
          "specificity": 0.9857188532452308,
          "sensitivity": 0.2275449101796407,
          "accuracy": 0.9596583307605228,
          "balanced_accuracy": 0.6066318817124358
        },
        "count": {
          "Nref": 334.0,
          "Nsys": 210.0
        }
      },
      "Car alarm": {
        "f_measure": {
          "f_measure": 0.12658227848101267,
          "recall": 0.07331378299120235,
          "precision": 0.46296296296296297
        },
        "error_rate": {
          "deletion_rate": 0.9266862170087976,
          "insertion_rate": 0.08504398826979472,
          "error_rate": 1.0117302052785924
        },
        "accuracy": {
          "specificity": 0.9969069965870307,
          "sensitivity": 0.07331378299120235,
          "accuracy": 0.9644952145723988,
          "balanced_accuracy": 0.5351103897891165
        },
        "count": {
          "Nref": 341.0,
          "Nsys": 54.0
        }
      },
      "Car": {
        "f_measure": {
          "f_measure": 0.48790322580645157,
          "recall": 0.5497223624432105,
          "precision": 0.4385823600483286
        },
        "error_rate": {
          "deletion_rate": 0.4502776375567895,
          "insertion_rate": 0.7036850075719334,
          "error_rate": 1.1539626451287228
        },
        "accuracy": {
          "specificity": 0.8198035160289555,
          "sensitivity": 0.5497223624432105,
          "accuracy": 0.7647422043840691,
          "balanced_accuracy": 0.684762939236083
        },
        "count": {
          "Nref": 1981.0,
          "Nsys": 2483.0
        }
      },
      "Ambulance (siren)": {
        "f_measure": {
          "f_measure": 0.12523020257826886,
          "recall": 0.08521303258145363,
          "precision": 0.2361111111111111
        },
        "error_rate": {
          "deletion_rate": 0.9147869674185464,
          "insertion_rate": 0.2756892230576441,
          "error_rate": 1.1904761904761905
        },
        "accuracy": {
          "specificity": 0.9881948916076412,
          "sensitivity": 0.08521303258145363,
          "accuracy": 0.9511165997735926,
          "balanced_accuracy": 0.5367039620945474
        },
        "count": {
          "Nref": 399.0,
          "Nsys": 144.0
        }
      },
      "Car passing by": {
        "f_measure": {
          "f_measure": 0.051457975986277875,
          "recall": 0.09287925696594428,
          "precision": 0.03558718861209965
        },
        "error_rate": {
          "deletion_rate": 0.9071207430340558,
          "insertion_rate": 2.51702786377709,
          "error_rate": 3.424148606811146
        },
        "accuracy": {
          "specificity": 0.9134553970619544,
          "sensitivity": 0.09287925696594428,
          "accuracy": 0.8861788617886179,
          "balanced_accuracy": 0.5031673270139494
        },
        "count": {
          "Nref": 323.0,
          "Nsys": 843.0
        }
      },
      "Bus": {
        "f_measure": {
          "f_measure": 0.10187667560321716,
          "recall": 0.1261061946902655,
          "precision": 0.08545727136431784
        },
        "error_rate": {
          "deletion_rate": 0.8738938053097345,
          "insertion_rate": 1.3495575221238938,
          "error_rate": 2.2234513274336285
        },
        "accuracy": {
          "specificity": 0.9341608202914193,
          "sensitivity": 0.1261061946902655,
          "accuracy": 0.8965730163630751,
          "balanced_accuracy": 0.5301335074908424
        },
        "count": {
          "Nref": 452.0,
          "Nsys": 667.0
        }
      },
      "Reversing beeps": {
        "f_measure": {
          "f_measure": 0.17869415807560138,
          "recall": 0.11403508771929824,
          "precision": 0.4126984126984127
        },
        "error_rate": {
          "deletion_rate": 0.8859649122807017,
          "insertion_rate": 0.16228070175438597,
          "error_rate": 1.0482456140350878
        },
        "accuracy": {
          "specificity": 0.9961007482347982,
          "sensitivity": 0.11403508771929824,
          "accuracy": 0.9754039312545024,
          "balanced_accuracy": 0.5550679179770482
        },
        "count": {
          "Nref": 228.0,
          "Nsys": 63.0
        }
      },
      "Train horn": {
        "f_measure": {
          "f_measure": 0.42627737226277373,
          "recall": 0.48344370860927155,
          "precision": 0.381201044386423
        },
        "error_rate": {
          "deletion_rate": 0.5165562913907285,
          "insertion_rate": 0.7847682119205298,
          "error_rate": 1.3013245033112582
        },
        "accuracy": {
          "specificity": 0.9748274030801912,
          "sensitivity": 0.48344370860927155,
          "accuracy": 0.9595554183389935,
          "balanced_accuracy": 0.7291355558447314
        },
        "count": {
          "Nref": 302.0,
          "Nsys": 383.0
        }
      },
      "Civil defense siren": {
        "f_measure": {
          "f_measure": 0.7559055118110236,
          "recall": 0.8135593220338984,
          "precision": 0.7058823529411765
        },
        "error_rate": {
          "deletion_rate": 0.1864406779661017,
          "insertion_rate": 0.3389830508474576,
          "error_rate": 0.5254237288135593
        },
        "accuracy": {
          "specificity": 0.9804049640757675,
          "sensitivity": 0.8135593220338984,
          "accuracy": 0.9712874343933313,
          "balanced_accuracy": 0.8969821430548329
        },
        "count": {
          "Nref": 531.0,
          "Nsys": 612.0
        }
      },
      "Bicycle": {
        "f_measure": {
          "f_measure": 0.16734693877551018,
          "recall": 0.3474576271186441,
          "precision": 0.11021505376344086
        },
        "error_rate": {
          "deletion_rate": 0.652542372881356,
          "insertion_rate": 2.805084745762712,
          "error_rate": 3.457627118644068
        },
        "accuracy": {
          "specificity": 0.9301761417571986,
          "sensitivity": 0.3474576271186441,
          "accuracy": 0.9160234640321087,
          "balanced_accuracy": 0.6388168844379214
        },
        "count": {
          "Nref": 236.0,
          "Nsys": 744.0
        }
      },
      "Truck": {
        "f_measure": {
          "f_measure": 0.12665862484921592,
          "recall": 0.14542936288088643,
          "precision": 0.11217948717948718
        },
        "error_rate": {
          "deletion_rate": 0.8545706371191135,
          "insertion_rate": 1.1509695290858726,
          "error_rate": 2.005540166204986
        },
        "accuracy": {
          "specificity": 0.907615341856587,
          "sensitivity": 0.14542936288088643,
          "accuracy": 0.8509828136256046,
          "balanced_accuracy": 0.5265223523687367
        },
        "count": {
          "Nref": 722.0,
          "Nsys": 936.0
        }
      },