{"strong": {"class_wise_average": {"f_measure": {"f_measure": 0.3814213694228434, "precision": 0.5120220989985403, "recall": 0.3593927387139842}, "accuracy": {"balanced_accuracy": 0.6638892585112213, "sensitivity": 0.3593927387139842, "accuracy": 0.9364911884036126, "specificity": 0.9683857783084584}, "error_rate": {"error_rate": 1.1053006973802777, "deletion_rate": 0.6406072612860158, "insertion_rate": 0.46469343609426184}}, "overall": {"f_measure": {"f_measure": 0.39420081476156243, "precision": 0.4125909204915977, "recall": 0.37738013305804086}, "accuracy": {"sensitivity": 0.37738013305804086, "balanced_accuracy": 0.6731290183176772, "accuracy": 0.9364911884036126, "specificity": 0.9688779035773135}, "error_rate": {"substitution_rate": 0.30763936682725396, "error_rate": 0.8522596925900435, "deletion_rate": 0.3149805001147052, "insertion_rate": 0.2296398256480844}}, "class_wise": {"Train horn": {"f_measure": {"f_measure": 0.5596707818930041, "precision": 0.7727272727272727, "recall": 0.43870967741935485}, "error_rate": {"error_rate": 0.6903225806451613, "deletion_rate": 0.5612903225806452, "insertion_rate": 0.12903225806451613}, "count": {"Nsys": 88.0, "Nref": 155.0}, "accuracy": {"sensitivity": 0.43870967741935485, "balanced_accuracy": 0.7171463581443064, "accuracy": 0.9771513986760624, "specificity": 0.9955830388692579}}, "Bus": {"f_measure": {"f_measure": 0.16533333333333333, "precision": 0.3229166666666667, "recall": 0.1111111111111111}, "error_rate": {"error_rate": 1.1218637992831542, "deletion_rate": 0.8888888888888888, "insertion_rate": 0.23297491039426524}, "count": {"Nsys": 96.0, "Nref": 279.0}, "accuracy": {"sensitivity": 0.1111111111111111, "balanced_accuracy": 0.5481759006963367, "accuracy": 0.9331625026692292, "specificity": 0.9852406902815622}}, "Train": {"f_measure": {"f_measure": 0.5978090766823161, "precision": 0.7180451127819549, "recall": 0.5120643431635389}, "error_rate": {"error_rate": 0.6890080428954424, "deletion_rate": 0.4879356568364611, "insertion_rate": 0.20107238605898123}, "count": {"Nsys": 266.0, "Nref": 373.0}, "accuracy": {"sensitivity": 0.5120643431635389, "balanced_accuracy": 0.7473314755260849, "accuracy": 0.9451206491565236, "specificity": 0.9825986078886311}}, "Reversing beeps": {"f_measure": {"f_measure": 0.5241379310344827, "precision": 0.6666666666666666, "recall": 0.4318181818181818}, "error_rate": {"error_rate": 0.7840909090909092, "deletion_rate": 0.5681818181818182, "insertion_rate": 0.2159090909090909}, "count": {"Nsys": 114.0, "Nref": 176.0}, "accuracy": {"sensitivity": 0.4318181818181818, "balanced_accuracy": 0.711693426387236, "accuracy": 0.9705317104420244, "specificity": 0.9915686709562902}}, "Motorcycle": {"f_measure": {"f_measure": 0.4020356234096692, "precision": 0.43646408839779005, "recall": 0.37264150943396224}, "error_rate": {"error_rate": 1.108490566037736, "deletion_rate": 0.6273584905660378, "insertion_rate": 0.4811320754716981}, "count": {"Nsys": 181.0, "Nref": 212.0}, "accuracy": {"sensitivity": 0.37264150943396224, "balanced_accuracy": 0.6749139106105173, "accuracy": 0.9498184924193893, "specificity": 0.9771863117870723}}, "Police car (siren)": {"f_measure": {"f_measure": 0.4664429530201343, "precision": 0.4276923076923077, "recall": 0.5129151291512916}, "error_rate": {"error_rate": 1.1734317343173433, "deletion_rate": 0.4870848708487085, "insertion_rate": 0.6863468634686347}, "count": {"Nsys": 325.0, "Nref": 271.0}, "accuracy": {"sensitivity": 0.5129151291512916, "balanced_accuracy": 0.7353786887823548, "accuracy": 0.9320948110185778, "specificity": 0.9578422484134179}}, "Air horn, truck horn": {"f_measure": {"f_measure": 0.4280442804428044, "precision": 0.7341772151898734, "recall": 0.3020833333333333}, "error_rate": {"error_rate": 0.8072916666666666, "deletion_rate": 0.6979166666666666, "insertion_rate": 0.109375}, "count": {"Nsys": 79.0, "Nref": 192.0}, "accuracy": {"sensitivity": 0.3020833333333333, "balanced_accuracy": 0.6487036573146292, "accuracy": 0.96690155882981, "specificity": 0.9953239812959251}}, "Skateboard": {"f_measure": {"f_measure": 0.4932975871313673, "precision": 0.5227272727272727, "recall": 0.467005076142132}, "error_rate": {"error_rate": 0.9593908629441625, "deletion_rate": 0.5329949238578681, "insertion_rate": 0.4263959390862944}, "count": {"Nsys": 176.0, "Nref": 197.0}, "accuracy": {"sensitivity": 0.467005076142132, "balanced_accuracy": 0.7241400770813201, "accuracy": 0.9596412556053812, "specificity": 0.9812750780205083}}, "Truck": {"f_measure": {"f_measure": 0.31218274111675126, "precision": 0.3904761904761905, "recall": 0.26004228329809725}, "error_rate": {"error_rate": 1.145877378435518, "deletion_rate": 0.7399577167019028, "insertion_rate": 0.4059196617336152}, "count": {"Nsys": 315.0, "Nref": 473.0}, "accuracy": {"sensitivity": 0.26004228329809725, "balanced_accuracy": 0.6072182912927541, "accuracy": 0.8842622250694, "specificity": 0.9543942992874109}}, "Car": {"f_measure": {"f_measure": 0.30145278450363194, "precision": 0.19453125, "recall": 0.6693548387096774}, "error_rate": {"error_rate": 3.1021505376344085, "deletion_rate": 0.33064516129032256, "insertion_rate": 2.771505376344086}, "count": {"Nsys": 1280.0, "Nref": 372.0}, "accuracy": {"sensitivity": 0.6693548387096774, "balanced_accuracy": 0.7150995951841126, "accuracy": 0.7535767670296818, "specificity": 0.7608443516585479}}, "Screaming": {"f_measure": {"f_measure": 0.2952029520295203, "precision": 0.5714285714285714, "recall": 0.19900497512437812}, "error_rate": {"error_rate": 0.9502487562189055, "deletion_rate": 0.8009950248756219, "insertion_rate": 0.14925373134328357}, "count": {"Nsys": 70.0, "Nref": 201.0}, "accuracy": {"sensitivity": 0.19900497512437812, "balanced_accuracy": 0.596155767347999, "accuracy": 0.9592141789451206, "specificity": 0.9933065595716198}}, "Civil defense siren": {"f_measure": {"f_measure": 0.7852564102564102, "precision": 0.7335329341317365, "recall": 0.8448275862068966}, "error_rate": {"error_rate": 0.4620689655172414, "deletion_rate": 0.15517241379310345, "insertion_rate": 0.30689655172413793}, "count": {"Nsys": 334.0, "Nref": 290.0}, "accuracy": {"sensitivity": 0.8448275862068966, "balanced_accuracy": 0.9122840412254606, "accuracy": 0.9713858637625454, "specificity": 0.9797404962440246}}, "Fire engine, fire truck (siren)": {"f_measure": {"f_measure": 0.46268656716417916, "precision": 0.44412607449856734, "recall": 0.48286604361370716}, "error_rate": {"error_rate": 1.1214953271028036, "deletion_rate": 0.5171339563862928, "insertion_rate": 0.6043613707165109}, "count": {"Nsys": 349.0, "Nref": 321.0}, "accuracy": {"sensitivity": 0.48286604361370716, "balanced_accuracy": 0.7191955160755377, "accuracy": 0.923126201153107, "specificity": 0.9555249885373682}}, "Car alarm": {"f_measure": {"f_measure": 0.21164021164021163, "precision": 0.8, "recall": 0.12195121951219512}, "error_rate": {"error_rate": 0.9085365853658537, "deletion_rate": 0.8780487804878049, "insertion_rate": 0.03048780487804878}, "count": {"Nsys": 25.0, "Nref": 164.0}, "accuracy": {"sensitivity": 0.12195121951219512, "balanced_accuracy": 0.5604223900172173, "accuracy": 0.9681827888105915, "specificity": 0.9988935605222394}}, "Bicycle": {"f_measure": {"f_measure": 0.20588235294117646, "precision": 0.19553072625698323, "recall": 0.21739130434782608}, "error_rate": {"error_rate": 1.6770186335403727, "deletion_rate": 0.782608695652174, "insertion_rate": 0.8944099378881988}, "count": {"Nsys": 179.0, "Nref": 161.0}, "accuracy": {"sensitivity": 0.21739130434782608, "balanced_accuracy": 0.592773493836894, "accuracy": 0.9423446508648302, "specificity": 0.9681556833259619}}, "Ambulance (siren)": {"f_measure": {"f_measure": 0.1933534743202417, "precision": 0.5333333333333333, "recall": 0.11808118081180811}, "error_rate": {"error_rate": 0.9852398523985241, "deletion_rate": 0.8819188191881919, "insertion_rate": 0.1033210332103321}, "count": {"Nsys": 60.0, "Nref": 271.0}, "accuracy": {"sensitivity": 0.11808118081180811,