{
  "weak": {
    "macro": {
      "precision": 0.7299681820734788,
      "recall": 0.6075993048247069,
      "f1": 0.6476961113047381
    },
    "weighted": {
      "precision": 0.730127438000699,
      "recall": 0.6080238898987276,
      "f1": 0.6479742762633595
    },
    "samples": {
      "precision": 0.7275994047619047,
      "recall": 0.6320871031746033,
      "f1": 0.649598984430602
    },
    "micro": {
      "precision": 0.7139807897545357,
      "recall": 0.6080238898987276,
      "f1": 0.6567561882055957
    }
  },
  "strong": {
    "overall": {
      "accuracy": {
        "specificity": 0.7541052263109533,
        "accuracy": 0.7143871487561688,
        "sensitivity": 0.5497785031475868,
        "balanced_accuracy": 0.6519418647292701
      },
      "error_rate": {
        "deletion_rate": 0.2657962228957799,
        "insertion_rate": 0.8346674956607342,
        "error_rate": 1.2848889925131473,
        "substitution_rate": 0.18442527395663325
      },
      "f_measure": {
        "precision": 0.35042932628797885,
        "recall": 0.5497785031475868,
        "f_measure": 0.4280311816137392
      }
    },
    "class_wise": {
      "gun_shot": {
        "count": {
          "Nsys": 4269.0,
          "Nref": 3439.0
        },
        "accuracy": {
          "specificity": 0.8366526585053901,
          "accuracy": 0.771678920334374,
          "sensitivity": 0.4614713579528933,
          "balanced_accuracy": 0.6490620082291416
        },
        "error_rate": {
          "deletion_rate": 0.5385286420471067,
          "insertion_rate": 0.7798778714742658,
          "error_rate": 1.3184065135213725
        },
        "f_measure": {
          "precision": 0.37174982431482784,
          "recall": 0.4614713579528933,
          "f_measure": 0.4117799688635184
        }
      },
      "street_music": {
        "count": {
          "Nsys": 7800.0,
          "Nref": 3986.0
        },
        "accuracy": {
          "specificity": 0.6776083669354839,
          "accuracy": 0.676704602679021,
          "sensitivity": 0.6731058705469142,
          "balanced_accuracy": 0.6753571187411991
        },
        "error_rate": {
          "deletion_rate": 0.3268941294530858,
          "insertion_rate": 1.2837431008529854,
          "error_rate": 1.6106372303060712
        },
        "f_measure": {
          "precision": 0.34397435897435896,
          "recall": 0.6731058705469142,
          "f_measure": 0.45528593246224336
        }
      },
      "air_conditioner": {
        "count": {
          "Nsys": 4477.0,
          "Nref": 3926.0
        },
        "accuracy": {
          "specificity": 0.8173487321114737,
          "accuracy": 0.7346661295195891,
          "sensitivity": 0.39913397860417726,
          "balanced_accuracy": 0.6082413553578255
        },
        "error_rate": {
          "deletion_rate": 0.6008660213958227,
          "insertion_rate": 0.7412124299541518,
          "error_rate": 1.3420784513499746
        },
        "f_measure": {
          "precision": 0.3500111681929864,
          "recall": 0.39913397860417726,
          "f_measure": 0.3729620373676068
        }
      },
      "dog_bark": {
        "count": {
          "Nsys": 8087.0,
          "Nref": 3885.0
        },
        "accuracy": {
          "specificity": 0.6438990796969887,
          "accuracy": 0.6387350186322892,
          "sensitivity": 0.6175032175032175,
          "balanced_accuracy": 0.6307011486001031
        },
        "error_rate": {
          "deletion_rate": 0.3824967824967825,
          "insertion_rate": 1.4640926640926641,
          "error_rate": 1.8465894465894466
        },
        "f_measure": {
          "precision": 0.29664894274761966,
          "recall": 0.6175032175032175,
          "f_measure": 0.4007684597393919
        }
      },
      "jackhammer": {
        "count": {
          "Nsys": 6343.0,
          "Nref": 3898.0
        },
        "accuracy": {
          "specificity": 0.7645989974937344,
          "accuracy": 0.7447376372242924,
          "sensitivity": 0.6634171369933299,
          "balanced_accuracy": 0.7140080672435322
        },
        "error_rate": {
          "deletion_rate": 0.33658286300667006,
          "insertion_rate": 0.9638276038994356,
          "error_rate": 1.3004104669061056
        },
        "f_measure": {
          "precision": 0.4076935204162068,
          "recall": 0.6634171369933299,
          "f_measure": 0.5050288057806854
        }
      },
      "car_horn": {
        "count": {
          "Nsys": 7268.0,
          "Nref": 3315.0
        },
        "accuracy": {
          "specificity": 0.6856676539926253,
          "accuracy": 0.6753449491388861,
          "sensitivity": 0.6238310708898944,
          "balanced_accuracy": 0.6547493624412599
        },
        "error_rate": {
          "deletion_rate": 0.3761689291101056,
          "insertion_rate": 1.5686274509803921,
          "error_rate": 1.9447963800904977
        },
        "f_measure": {
          "precision": 0.2845349477160154,
          "recall": 0.6238310708898944,
          "f_measure": 0.3908154587546064
        }
      },
      "siren": {
        "count": {
          "Nsys": 4593.0,
          "Nref": 4002.0
        },
        "accuracy": {
          "specificity": 0.8290237134207871,
          "accuracy": 0.7567227313928895,
          "sensitivity": 0.4702648675662169,
          "balanced_accuracy": 0.649644290493502
        },
        "error_rate": {
          "deletion_rate": 0.5297351324337831,
          "insertion_rate": 0.6774112943528235,
          "error_rate": 1.2071464267866068
        },
        "f_measure": {
          "precision": 0.4097539734378402,
          "recall": 0.4702648675662169,
          "f_measure": 0.4379290285049448
        }
      },
      "engine_idling": {
        "count": {
          "Nsys": 4293.0,
          "Nref": 4037.0
        },
        "accuracy": {
          "specificity": 0.8457746033752608,
          "accuracy": 0.7671467418672575,
          "sensitivity": 0.45900421104780775,
          "balanced_accuracy": 0.6523894072115343
        },
        "error_rate": {
          "deletion_rate": 0.5409957889521922,
          "insertion_rate": 0.6044092147634382,
          "error_rate": 1.1454050037156305
        },
        "f_measure": {
          "precision": 0.4316328907523876,
          "recall": 0.45900421104780775,
          "f_measure": 0.4448979591836735
        }
      },
      "children_playing": {
        "count": {
          "Nsys": 4732.0,
          "Nref": 4081.0
        },
        "accuracy": {
          "specificity": 0.8128288014197883,
          "accuracy": 0.7353711350589183,
          "sensitivity": 0.4359225679980397,
          "balanced_accuracy": 0.624375684708914
        },
        "error_rate": {
          "deletion_rate": 0.5640774320019603,
          "insertion_rate": 0.7235971575594217,
          "error_rate": 1.287674589561382
        },
        "f_measure": {
          "precision": 0.37595097210481826,
          "recall": 0.4359225679980397,
          "f_measure": 0.40372177465108366
        }
      },
      "drilling": {
        "count": {
          "Nsys": 8698.0,
          "Nref": 4032.0
        },
        "accuracy": {
          "specificity": 0.6284594970302034,
          "accuracy": 0.6427636217141706,
          "sensitivity": 0.6989087301587301,
          "balanced_accuracy": 0.6636841135944668
        },
        "error_rate": {
          "deletion_rate": 0.3010912698412698,
          "insertion_rate": 1.4583333333333333,
          "error_rate": 1.759424603174603
        },
        "f_measure": {
          "precision": 0.32398252471832606,
          "recall": 0.6989087301587301,
          "f_measure": 0.44273369992144546
        }
      }
    },
    "class_wise_average": {
      "accuracy": {
        "specificity": 0.7541862103981735,
        "accuracy": 0.7143871487561687,
        "balanced_accuracy": 0.652221255662148,
        "sensitivity": 0.5502563009261221
      },