{"strong": {"class_wise_average": {"f_measure": {"f_measure": 0.3658531639372067, "precision": 0.4935269799279516, "recall": 0.3481840987100404}, "accuracy": {"balanced_accuracy": 0.6582176507395165, "sensitivity": 0.3481840987100404, "accuracy": 0.9356306482310088, "specificity": 0.9682512027689927}, "error_rate": {"error_rate": 1.117461531541448, "deletion_rate": 0.6518159012899597, "insertion_rate": 0.4656456302514883}}, "overall": {"f_measure": {"f_measure": 0.38462465357271963, "precision": 0.4050761421319797, "recall": 0.3661390227116311}, "accuracy": {"sensitivity": 0.3661390227116311, "balanced_accuracy": 0.6674386764665117, "accuracy": 0.9356306482310087, "specificity": 0.9687383302213923}, "error_rate": {"substitution_rate": 0.32530396880018353, "error_rate": 0.8462950217939894, "deletion_rate": 0.30855700848818535, "insertion_rate": 0.21243404450562056}}, "class_wise": {"Train horn": {"f_measure": {"f_measure": 0.5040650406504065, "precision": 0.6813186813186813, "recall": 0.4}, "error_rate": {"error_rate": 0.7870967741935484, "deletion_rate": 0.6, "insertion_rate": 0.1870967741935484}, "count": {"Nsys": 91.0, "Nref": 155.0}, "accuracy": {"sensitivity": 0.4, "balanced_accuracy": 0.6967863475177305, "accuracy": 0.9738590100707092, "specificity": 0.993572695035461}}, "Bus": {"f_measure": {"f_measure": 0.2767624020887728, "precision": 0.5096153846153846, "recall": 0.18996415770609318}, "error_rate": {"error_rate": 0.9928315412186379, "deletion_rate": 0.8100358422939068, "insertion_rate": 0.1827956989247312}, "count": {"Nsys": 104.0, "Nref": 279.0}, "accuracy": {"sensitivity": 0.18996415770609318, "balanced_accuracy": 0.5891707752978962, "accuracy": 0.9406470966359546, "specificity": 0.9883773928896992}}, "Train": {"f_measure": {"f_measure": 0.40716612377850164, "precision": 0.5186721991701245, "recall": 0.3351206434316354}, "error_rate": {"error_rate": 0.9758713136729222, "deletion_rate": 0.6648793565683646, "insertion_rate": 0.3109919571045576}, "count": {"Nsys": 241.0, "Nref": 373.0}, "accuracy": {"sensitivity": 0.3351206434316354, "balanced_accuracy": 0.6540531023399444, "accuracy": 0.9220055710306406, "specificity": 0.9729855612482534}}, "Reversing beeps": {"f_measure": {"f_measure": 0.5491803278688525, "precision": 0.9852941176470589, "recall": 0.3806818181818182}, "error_rate": {"error_rate": 0.625, "deletion_rate": 0.6193181818181818, "insertion_rate": 0.005681818181818182}, "count": {"Nsys": 68.0, "Nref": 176.0}, "accuracy": {"sensitivity": 0.3806818181818182, "balanced_accuracy": 0.6902295753122406, "accuracy": 0.976430254981787, "specificity": 0.9997773324426631}}, "Motorcycle": {"f_measure": {"f_measure": 0.34759358288770054, "precision": 0.4012345679012346, "recall": 0.30660377358490565}, "error_rate": {"error_rate": 1.150943396226415, "deletion_rate": 0.6933962264150944, "insertion_rate": 0.45754716981132076}, "count": {"Nsys": 162.0, "Nref": 212.0}, "accuracy": {"sensitivity": 0.30660377358490565, "balanced_accuracy": 0.6424152425724753, "accuracy": 0.9477180201414185, "specificity": 0.9782267115600449}}, "Police car (siren)": {"f_measure": {"f_measure": 0.4517241379310345, "precision": 0.42394822006472493, "recall": 0.4833948339483395}, "error_rate": {"error_rate": 1.1734317343173433, "deletion_rate": 0.5166051660516605, "insertion_rate": 0.6568265682656826}, "count": {"Nsys": 309.0, "Nref": 271.0}, "accuracy": {"sensitivity": 0.4833948339483395, "balanced_accuracy": 0.7214517390851798, "accuracy": 0.9318620098564389, "specificity": 0.95950864422202}}, "Air horn, truck horn": {"f_measure": {"f_measure": 0.41471571906354515, "precision": 0.5794392523364486, "recall": 0.3229166666666667}, "error_rate": {"error_rate": 0.9114583333333334, "deletion_rate": 0.6770833333333334, "insertion_rate": 0.234375}, "count": {"Nsys": 107.0, "Nref": 192.0}, "accuracy": {"sensitivity": 0.3229166666666667, "balanced_accuracy": 0.6564304003724395, "accuracy": 0.9625026783801157, "specificity": 0.9899441340782122}}, "Skateboard": {"f_measure": {"f_measure": 0.5435897435897437, "precision": 0.5492227979274611, "recall": 0.5380710659898477}, "error_rate": {"error_rate": 0.9035532994923858, "deletion_rate": 0.4619289340101523, "insertion_rate": 0.4416243654822335}, "count": {"Nsys": 193.0, "Nref": 197.0}, "accuracy": {"sensitivity": 0.5380710659898477, "balanced_accuracy": 0.7593039893707627, "accuracy": 0.9618598671523463, "specificity": 0.9805369127516779}}, "Truck": {"f_measure": {"f_measure": 0.35278858625162124, "precision": 0.4563758389261745, "recall": 0.28752642706131076}, "error_rate": {"error_rate": 1.054968287526427, "deletion_rate": 0.7124735729386892, "insertion_rate": 0.34249471458773784}, "count": {"Nsys": 298.0, "Nref": 473.0}, "accuracy": {"sensitivity": 0.28752642706131076, "balanced_accuracy": 0.6244499088096254, "accuracy": 0.8930790657810156, "specificity": 0.9613733905579399}}, "Car": {"f_measure": {"f_measure": 0.3169993950393225, "precision": 0.20452771272443404, "recall": 0.7043010752688172}, "error_rate": {"error_rate": 3.03494623655914, "deletion_rate": 0.2956989247311828, "insertion_rate": 2.739247311827957}, "count": {"Nsys": 1281.0, "Nref": 372.0}, "accuracy": {"sensitivity": 0.7043010752688172, "balanced_accuracy": 0.7335242279720104, "accuracy": 0.7580887079494322, "specificity": 0.7627473806752038}}, "Screaming": {"f_measure": {"f_measure": 0.2122186495176849, "precision": 0.3, "recall": 0.16417910447761194}, "error_rate": {"error_rate": 1.2189054726368158, "deletion_rate": 0.835820895522388, "insertion_rate": 0.38308457711442784}, "count": {"Nsys": 110.0, "Nref": 201.0}, "accuracy": {"sensitivity": 0.16417910447761194, "balanced_accuracy": 0.5734688625836335, "accuracy": 0.947503749732162, "specificity": 0.9827586206896551}}, "Civil defense siren": {"f_measure": {"f_measure": 0.7767857142857143, "precision": 0.6832460732984293, "recall": 0.9}, "error_rate": {"error_rate": 0.5172413793103449, "deletion_rate": 0.1, "insertion_rate": 0.41724137931034483}, "count": {"Nsys": 382.0, "Nref": 290.0}, "accuracy": {"sensitivity": 0.9, "balanced_accuracy": 0.9361777473155128, "accuracy": 0.9678594386115278, "specificity": 0.9723554946310258}}, "Fire engine, fire truck (siren)": {"f_measure": {"f_measure": 0.4133738601823708, "precision": 0.4035608308605341, "recall": 0.4236760124610592}, "error_rate": {"error_rate": 1.2024922118380061, "deletion_rate": 0.5763239875389408, "insertion_rate": 0.6261682242990654}, "count": {"Nsys": 337.0, "Nref": 321.0}, "accuracy": {"sensitivity": 0.4236760124610592, "balanced_accuracy": 0.6887132938513303, "accuracy": 0.9172916220269981, "specificity": 0.9537505752416015}}, "Car alarm": {"f_measure": {"f_measure": 0.14893617021276598, "precision": 0.5833333333333334, "recall": 0.08536585365853659}, "error_rate": {"error_rate": 0.975609756097561, "deletion_rate": 0.9146341463414634, "insertion_rate": 0.06097560975609756}, "count": {"Nsys": 24.0, "Nref": 164.0}, "accuracy": {"sensitivity": 0.08536585365853659, "balanced_accuracy": 0.5415725559653998, "accuracy": 0.9657167345189629, "specificity": 0.9977792582722629}}, "Bicycle": {"f_measure": {"f_measure": 0.2236024844720497, "precision": 0.2236024844720497, "recall": 0.2236024844720497}, "error_rate": {"error_rate": 1.5527950310559007, "deletion_rate": 0.7763975155279503, "insertion_rate": 0.7763975155279503}, "count": {"Nsys": 161.0, "Nref": 161.0}, "accuracy": {"sensitivity": 0.2236024844720497, "balanced_accuracy": 0.5979308472071745, "accuracy": 0.9464323976858796, "specificity": 0.9722592099422992}}, "Ambulance (siren)": {"f_measure": {"f_measure": 0.27218934911242604, "precision": 0.6865671641791045, "recall": 0.16974169741697417}, "error_rate": {"error_rate": 0.9077490774907748, "deletion_rate": 0.8302583025830258, "insertion_rate": 0.07749077490774908}, "count": {"Nsys": 67.0, "Nref": 271.0}, "accuracy": {"sensitivity": 0.16974169741697417, "balanced_accuracy": 0.5824823136766399, "accuracy": 0.9472894793229055,