{
  "strong": {
    "overall": {
      "f_measure": {
        "f_measure": 0.42468879668049797,
        "recall": 0.4507321369591545,
        "precision": 0.4014906345003432
      },
      "error_rate": {
        "error_rate": 0.9682924144005285,
        "substitution_rate": 0.25289001431245184,
        "deletion_rate": 0.2963778487283937,
        "insertion_rate": 0.4190245513596829
      },
      "accuracy": {
        "specificity": 0.9644930824635506,
        "accuracy": 0.9387063796866797,
        "sensitivity": 0.4507321369591545,
        "balanced_accuracy": 0.7076126097113525
      }
    },
    "class_wise": {
      "Ambulance (siren)": {
        "f_measure": {
          "f_measure": 0.23856858846918488,
          "recall": 0.15037593984962405,
          "precision": 0.5769230769230769
        },
        "count": {
          "Nref": 399.0,
          "Nsys": 104.0
        },
        "accuracy": {
          "specificity": 0.9957056412258443,
          "accuracy": 0.9640206669798027,
          "sensitivity": 0.15037593984962405,
          "balanced_accuracy": 0.5730407905377342
        },
        "error_rate": {
          "error_rate": 0.9598997493734336,
          "insertion_rate": 0.11027568922305764,
          "deletion_rate": 0.849624060150376
        }
      },
      "Bicycle": {
        "f_measure": {
          "f_measure": 0.28625954198473286,
          "recall": 0.3177966101694915,
          "precision": 0.2604166666666667
        },
        "count": {
          "Nref": 236.0,
          "Nsys": 288.0
        },
        "accuracy": {
          "specificity": 0.9795369391872418,
          "accuracy": 0.9648661343353687,
          "sensitivity": 0.3177966101694915,
          "balanced_accuracy": 0.6486667746783666
        },
        "error_rate": {
          "error_rate": 1.5847457627118644,
          "insertion_rate": 0.902542372881356,
          "deletion_rate": 0.6822033898305084
        }
      },
      "Skateboard": {
        "f_measure": {
          "f_measure": 0.40412371134020614,
          "recall": 0.2784090909090909,
          "precision": 0.7368421052631579
        },
        "count": {
          "Nref": 352.0,
          "Nsys": 133.0
        },
        "accuracy": {
          "specificity": 0.9965996308170602,
          "accuracy": 0.972851103804603,
          "sensitivity": 0.2784090909090909,
          "balanced_accuracy": 0.6375043608630755
        },
        "error_rate": {
          "error_rate": 0.8210227272727273,
          "insertion_rate": 0.09943181818181818,
          "deletion_rate": 0.7215909090909091
        }
      },
      "Reversing beeps": {
        "f_measure": {
          "f_measure": 0.24817518248175183,
          "recall": 0.14912280701754385,
          "precision": 0.7391304347826086
        },
        "count": {
          "Nref": 228.0,
          "Nsys": 46.0
        },
        "accuracy": {
          "specificity": 0.9988480368628204,
          "accuracy": 0.9806481916392673,
          "sensitivity": 0.14912280701754385,
          "balanced_accuracy": 0.5739854219401821
        },
        "error_rate": {
          "error_rate": 0.9035087719298245,
          "insertion_rate": 0.05263157894736842,
          "deletion_rate": 0.8508771929824561
        }
      },
      "Truck": {
        "f_measure": {
          "f_measure": 0.3416407061266874,
          "recall": 0.4556786703601108,
          "precision": 0.27325581395348836
        },
        "count": {
          "Nref": 722.0,
          "Nsys": 1204.0
        },
        "accuracy": {
          "specificity": 0.9118210218683865,
          "accuracy": 0.88088304368248,
          "sensitivity": 0.4556786703601108,
          "balanced_accuracy": 0.6837498461142486
        },
        "error_rate": {
          "error_rate": 1.7562326869806095,
          "insertion_rate": 1.2119113573407203,
          "deletion_rate": 0.5443213296398892
        }
      },
      "Car passing by": {
        "f_measure": {
          "f_measure": 0.158203125,
          "recall": 0.25077399380804954,
          "precision": 0.11554921540656206
        },
        "count": {
          "Nref": 323.0,
          "Nsys": 701.0
        },
        "accuracy": {
          "specificity": 0.9399341212943229,
          "accuracy": 0.9190230155002348,
          "sensitivity": 0.25077399380804954,
          "balanced_accuracy": 0.5953540575511862
        },
        "error_rate": {
          "error_rate": 2.6687306501547985,
          "insertion_rate": 1.9195046439628483,
          "deletion_rate": 0.7492260061919505
        }
      },
      "Fire engine, fire truck (siren)": {
        "f_measure": {
          "f_measure": 0.4253632760898283,
          "recall": 0.3806146572104019,
          "precision": 0.4820359281437126
        },
        "count": {
          "Nref": 423.0,
          "Nsys": 334.0
        },
        "accuracy": {
          "specificity": 0.9830757190373703,
          "accuracy": 0.9591357444809769,
          "sensitivity": 0.3806146572104019,
          "balanced_accuracy": 0.6818451881238861
        },
        "error_rate": {
          "error_rate": 1.0283687943262412,
          "insertion_rate": 0.408983451536643,
          "deletion_rate": 0.6193853427895981
        }
      },
      "Screaming": {
        "f_measure": {
          "f_measure": 0.4090909090909091,
          "recall": 0.27607361963190186,
          "precision": 0.7894736842105263
        },
        "count": {
          "Nref": 326.0,
          "Nsys": 114.0
        },
        "accuracy": {
          "specificity": 0.9976741932357787,
          "accuracy": 0.9755753875058712,
          "sensitivity": 0.27607361963190186,
          "balanced_accuracy": 0.6368739064338402
        },
        "error_rate": {
          "error_rate": 0.7975460122699387,
          "insertion_rate": 0.0736196319018405,
          "deletion_rate": 0.7239263803680982
        }
      },
      "Motorcycle": {
        "f_measure": {
          "f_measure": 0.4609929078014184,
          "recall": 0.3838582677165354,
          "precision": 0.5769230769230769
        },
        "count": {
          "Nref": 508.0,
          "Nsys": 338.0
        },
        "accuracy": {
          "specificity": 0.9858932623064023,
          "accuracy": 0.9571629873179897,
          "sensitivity": 0.3838582677165354,
          "balanced_accuracy": 0.6848757650114689
        },
        "error_rate": {
          "error_rate": 0.8976377952755905,
          "insertion_rate": 0.281496062992126,
          "deletion_rate": 0.6161417322834646
        }
      },
      "Car alarm": {
        "f_measure": {
          "f_measure": 0.22613065326633164,
          "recall": 0.13196480938416422,
          "precision": 0.7894736842105263
        },
        "count": {
          "Nref": 341.0,
          "Nsys": 57.0
        },
        "accuracy": {
          "specificity": 0.9988354037267081,
          "accuracy": 0.971066228276186,
          "sensitivity": 0.13196480938416422,
          "balanced_accuracy": 0.5654001065554362
        },
        "error_rate": {
          "error_rate": 0.9032258064516129,
          "insertion_rate": 0.03519061583577713,
          "deletion_rate": 0.8680351906158358
        }
      },
      "Air horn, truck horn": {
        "f_measure": {
          "f_measure": 0.30805687203791465,
          "recall": 0.19461077844311378,
          "precision": 0.7386363636363636
        },
        "count": {
          "Nref": 334.0,
          "Nsys": 88.0
        },
        "accuracy": {
          "specificity": 0.99776937251479,
          "accuracy": 0.9725692813527478,
          "sensitivity": 0.19461077844311378,
          "balanced_accuracy": 0.5961900754789519
        },
        "error_rate": {
          "error_rate": 0.874251497005988,
          "insertion_rate": 0.0688622754491018,
          "deletion_rate": 0.8053892215568862
        }
      },
      "Train": {
        "f_measure": {
          "f_measure": 0.5173020527859237,