{
  "strong": {
    "overall": {
      "f_measure": {
        "f_measure": 0.42468879668049797,
        "recall": 0.4507321369591545,
        "precision": 0.4014906345003432
      },
      "error_rate": {
        "substitution_rate": 0.25289001431245184,
        "insertion_rate": 0.4190245513596829,
        "error_rate": 0.9682924144005285,
        "deletion_rate": 0.2963778487283937
      },
      "accuracy": {
        "accuracy": 0.9387063796866797,
        "sensitivity": 0.4507321369591545,
        "balanced_accuracy": 0.7076126097113525,
        "specificity": 0.9644930824635506
      }
    },
    "class_wise_average": {
      "f_measure": {
        "f_measure": 0.37795871725669256,
        "recall": 0.35906129659679253,
        "precision": 0.5435646441738221
      },
      "error_rate": {
        "insertion_rate": 0.563869953093827,
        "error_rate": 1.2048086564970344,
        "deletion_rate": 0.6409387034032076
      },
      "accuracy": {
        "specificity": 0.962231808953847,
        "sensitivity": 0.35906129659679253,
        "balanced_accuracy": 0.6606465527753196,
        "accuracy": 0.9387063796866797
      }
    },
    "class_wise": {
      "Police car (siren)": {
        "count": {
          "Nref": 553.0,
          "Nsys": 277.0
        },
        "f_measure": {
          "f_measure": 0.41204819277108434,
          "recall": 0.3092224231464738,
          "precision": 0.6173285198555957
        },
        "error_rate": {
          "insertion_rate": 0.19168173598553345,
          "error_rate": 0.8824593128390597,
          "deletion_rate": 0.6907775768535263
        },
        "accuracy": {
          "accuracy": 0.9541568811648662,
          "sensitivity": 0.3092224231464738,
          "balanced_accuracy": 0.6493595270706606,
          "specificity": 0.9894966309948474
        }
      },
      "Motorcycle": {
        "count": {
          "Nref": 508.0,
          "Nsys": 338.0
        },
        "f_measure": {
          "f_measure": 0.4609929078014184,
          "recall": 0.3838582677165354,
          "precision": 0.5769230769230769
        },
        "error_rate": {
          "insertion_rate": 0.281496062992126,
          "error_rate": 0.8976377952755905,
          "deletion_rate": 0.6161417322834646
        },
        "accuracy": {
          "accuracy": 0.9571629873179897,
          "sensitivity": 0.3838582677165354,
          "balanced_accuracy": 0.6848757650114689,
          "specificity": 0.9858932623064023
        }
      },
      "Car": {
        "count": {
          "Nref": 1981.0,
          "Nsys": 3857.0
        },
        "f_measure": {
          "f_measure": 0.5101062007536827,
          "recall": 0.7516405855628471,
          "precision": 0.3860513352346383
        },
        "error_rate": {
          "insertion_rate": 1.1953558808682483,
          "error_rate": 1.4437152953054013,
          "deletion_rate": 0.24835941443715295
        },
        "accuracy": {
          "accuracy": 0.7313292625645843,
          "sensitivity": 0.7516405855628471,
          "balanced_accuracy": 0.7391628597250985,
          "specificity": 0.7266851338873499
        }
      },
      "Air horn, truck horn": {
        "count": {
          "Nref": 334.0,
          "Nsys": 88.0
        },
        "f_measure": {
          "f_measure": 0.30805687203791465,
          "recall": 0.19461077844311378,
          "precision": 0.7386363636363636
        },
        "error_rate": {
          "insertion_rate": 0.0688622754491018,
          "error_rate": 0.874251497005988,
          "deletion_rate": 0.8053892215568862
        },
        "accuracy": {
          "accuracy": 0.9725692813527478,
          "sensitivity": 0.19461077844311378,
          "balanced_accuracy": 0.5961900754789519,
          "specificity": 0.99776937251479
        }
      },
      "Skateboard": {
        "count": {
          "Nref": 352.0,
          "Nsys": 133.0
        },
        "f_measure": {
          "f_measure": 0.40412371134020614,
          "recall": 0.2784090909090909,
          "precision": 0.7368421052631579
        },
        "error_rate": {
          "insertion_rate": 0.09943181818181818,
          "error_rate": 0.8210227272727273,
          "deletion_rate": 0.7215909090909091
        },
        "accuracy": {
          "accuracy": 0.972851103804603,
          "sensitivity": 0.2784090909090909,
          "balanced_accuracy": 0.6375043608630755,
          "specificity": 0.9965996308170602
        }
      },
      "Fire engine, fire truck (siren)": {
        "count": {
          "Nref": 423.0,
          "Nsys": 334.0
        },
        "f_measure": {
          "f_measure": 0.4253632760898283,
          "recall": 0.3806146572104019,
          "precision": 0.4820359281437126
        },
        "error_rate": {
          "insertion_rate": 0.408983451536643,
          "error_rate": 1.0283687943262412,
          "deletion_rate": 0.6193853427895981
        },
        "accuracy": {
          "accuracy": 0.9591357444809769,
          "sensitivity": 0.3806146572104019,
          "balanced_accuracy": 0.6818451881238861,
          "specificity": 0.9830757190373703
        }
      },
      "Screaming": {
        "count": {
          "Nref": 326.0,
          "Nsys": 114.0
        },
        "f_measure": {
          "f_measure": 0.4090909090909091,
          "recall": 0.27607361963190186,
          "precision": 0.7894736842105263
        },
        "error_rate": {
          "insertion_rate": 0.0736196319018405,
          "error_rate": 0.7975460122699387,
          "deletion_rate": 0.7239263803680982
        },
        "accuracy": {
          "accuracy": 0.9755753875058712,
          "sensitivity": 0.27607361963190186,
          "balanced_accuracy": 0.6368739064338402,
          "specificity": 0.9976741932357787
        }
      },
      "Car alarm": {
        "count": {
          "Nref": 341.0,
          "Nsys": 57.0
        },
        "f_measure": {
          "f_measure": 0.22613065326633164,
          "recall": 0.13196480938416422,
          "precision": 0.7894736842105263
        },
        "error_rate": {
          "insertion_rate": 0.03519061583577713,
          "error_rate": 0.9032258064516129,
          "deletion_rate": 0.8680351906158358
        },
        "accuracy": {
          "accuracy": 0.971066228276186,
          "sensitivity": 0.13196480938416422,
          "balanced_accuracy": 0.5654001065554362,
          "specificity": 0.9988354037267081
        }
      },
      "Train": {
        "count": {
          "Nref": 1072.0,
          "Nsys": 633.0
        },
        "f_measure": {
          "f_measure": 0.5173020527859237,
          "recall": 0.41138059701492535,
          "precision": 0.6966824644549763
        },
        "error_rate": {
          "insertion_rate": 0.1791044776119403,
          "error_rate": 0.7677238805970149,
          "deletion_rate": 0.5886194029850746
        },
        "accuracy": {
          "accuracy": 0.9226867073743542,
          "sensitivity": 0.41138059701492535,
          "balanced_accuracy": 0.6956620941827996,
          "specificity": 0.9799435913506738
        }
      },
      "Reversing beeps": {
        "count": {
          "Nref": 228.0,
          "Nsys": 46.0
        },
        "f_measure": {
          "f_measure": 0.24817518248175183,
          "recall": 0.14912280701754385,
          "precision": 0.7391304347826086
        },
        "error_rate": {
          "insertion_rate": 0.05263157894736842,
          "error_rate": 0.9035087719298245,
          "deletion_rate": 0.8508771929824561
        },
        "accuracy": {
          "accuracy": 0.9806481916392673,
          "sensitivity": 0.14912280701754385,
          "balanced_accuracy": 0.5739854219401821,
          "specificity": 0.9988480368628204
        }
      },
      "Civil defense siren": {
        "count": {
          "Nref": 531.0,
          "Nsys": 580.0
        },
        "f_measure": {
          "f_measure": 0.7884788478847883,
          "recall": 0.8248587570621468,