{
  "strong": {
    "class_wise_average": {
      "accuracy": {
        "balanced_accuracy": 0.6650695473110823,
        "accuracy": 0.9358413422584546,
        "specificity": 0.9670811450740113,
        "sensitivity": 0.36305794954815296
      },
      "error_rate": {
        "deletion_rate": 0.636942050451847,
        "insertion_rate": 0.47759471787161706,
        "error_rate": 1.1145367683234642
      },
      "f_measure": {
        "precision": 0.49586154723558495,
        "recall": 0.36305794954815296,
        "f_measure": 0.3795084382575079
      }
    },
    "class_wise": {
      "Car passing by": {
        "accuracy": {
          "balanced_accuracy": 0.49932855863921216,
          "accuracy": 0.9455393091756729,
          "specificity": 0.9986571172784243,
          "sensitivity": 0.0
        },
        "count": {
          "Nref": 251.0,
          "Nsys": 6.0
        },
        "error_rate": {
          "deletion_rate": 1.0,
          "insertion_rate": 0.02390438247011952,
          "error_rate": 1.0239043824701195
        },
        "f_measure": {
          "precision": 0.0,
          "recall": 0.0,
          "f_measure": 0.0
        }
      },
      "Skateboard": {
        "accuracy": {
          "balanced_accuracy": 0.7460570656261436,
          "accuracy": 0.9552871371053189,
          "specificity": 0.9743476337903583,
          "sensitivity": 0.5177664974619289
        },
        "count": {
          "Nref": 197.0,
          "Nsys": 218.0
        },
        "error_rate": {
          "deletion_rate": 0.48223350253807107,
          "insertion_rate": 0.5888324873096447,
          "error_rate": 1.0710659898477157
        },
        "f_measure": {
          "precision": 0.46788990825688076,
          "recall": 0.5177664974619289,
          "f_measure": 0.491566265060241
        }
      },
      "Car": {
        "accuracy": {
          "balanced_accuracy": 0.722504211284015,
          "accuracy": 0.7151938970120788,
          "specificity": 0.7138256268691051,
          "sensitivity": 0.7311827956989247
        },
        "count": {
          "Nref": 372.0,
          "Nsys": 1516.0
        },
        "error_rate": {
          "deletion_rate": 0.26881720430107525,
          "insertion_rate": 3.3440860215053765,
          "error_rate": 3.612903225806452
        },
        "f_measure": {
          "precision": 0.17941952506596306,
          "recall": 0.7311827956989247,
          "f_measure": 0.288135593220339
        }
      },
      "Train horn": {
        "accuracy": {
          "balanced_accuracy": 0.7264029854965932,
          "accuracy": 0.9771137952956135,
          "specificity": 0.9947414548641542,
          "sensitivity": 0.45806451612903226
        },
        "count": {
          "Nref": 155.0,
          "Nsys": 95.0
        },
        "error_rate": {
          "deletion_rate": 0.5419354838709678,
          "insertion_rate": 0.15483870967741936,
          "error_rate": 0.6967741935483871
        },
        "f_measure": {
          "precision": 0.7473684210526316,
          "recall": 0.45806451612903226,
          "f_measure": 0.568
        }
      },
      "Air horn, truck horn": {
        "accuracy": {
          "balanced_accuracy": 0.6493383449304175,
          "accuracy": 0.9635515999152363,
          "specificity": 0.9913850231941683,
          "sensitivity": 0.3072916666666667
        },
        "count": {
          "Nref": 192.0,
          "Nsys": 98.0
        },
        "error_rate": {
          "deletion_rate": 0.6927083333333334,
          "insertion_rate": 0.203125,
          "error_rate": 0.8958333333333334
        },
        "f_measure": {
          "precision": 0.6020408163265306,
          "recall": 0.3072916666666667,
          "f_measure": 0.40689655172413797
        }
      },
      "Bus": {
        "accuracy": {
          "balanced_accuracy": 0.5259517582098228,
          "accuracy": 0.9328247510065691,
          "specificity": 0.9873873873873874,
          "sensitivity": 0.06451612903225806
        },
        "count": {
          "Nref": 279.0,
          "Nsys": 74.0
        },
        "error_rate": {
          "deletion_rate": 0.9354838709677419,
          "insertion_rate": 0.2007168458781362,
          "error_rate": 1.136200716845878
        },
        "f_measure": {
          "precision": 0.24324324324324326,
          "recall": 0.06451612903225806,
          "f_measure": 0.10198300283286119
        }
      },
      "Motorcycle": {
        "accuracy": {
          "balanced_accuracy": 0.636463823570044,
          "accuracy": 0.9495655859292222,
          "specificity": 0.9804748169514089,
          "sensitivity": 0.29245283018867924
        },
        "count": {
          "Nref": 212.0,
          "Nsys": 150.0
        },
        "error_rate": {
          "deletion_rate": 0.7075471698113207,
          "insertion_rate": 0.41509433962264153,
          "error_rate": 1.1226415094339623
        },
        "f_measure": {
          "precision": 0.41333333333333333,
          "recall": 0.29245283018867924,
          "f_measure": 0.34254143646408836
        }
      },
      "Reversing beeps": {
        "accuracy": {
          "balanced_accuracy": 0.6740452344265904,
          "accuracy": 0.9718160627251536,
          "specificity": 0.9958177415804534,
          "sensitivity": 0.3522727272727273
        },
        "count": {
          "Nref": 176.0,
          "Nsys": 81.0
        },
        "error_rate": {
          "deletion_rate": 0.6477272727272727,
          "insertion_rate": 0.10795454545454546,
          "error_rate": 0.7556818181818181
        },
        "f_measure": {
          "precision": 0.7654320987654321,
          "recall": 0.3522727272727273,
          "f_measure": 0.48249027237354086
        }
      },
      "Bicycle": {
        "accuracy": {
          "balanced_accuracy": 0.6169079551617659,
          "accuracy": 0.9544394998940453,
          "specificity": 0.9791575252303641,
          "sensitivity": 0.2546583850931677
        },
        "count": {
          "Nref": 161.0,
          "Nsys": 136.0
        },
        "error_rate": {
          "deletion_rate": 0.7453416149068323,
          "insertion_rate": 0.5900621118012422,
          "error_rate": 1.3354037267080745
        },
        "f_measure": {
          "precision": 0.3014705882352941,
          "recall": 0.2546583850931677,
          "f_measure": 0.27609427609427606
        }
      },
      "Truck": {
        "accuracy": {
          "balanced_accuracy": 0.654175201831546,
          "accuracy": 0.9050646323373596,
          "specificity": 0.9679698539802166,
          "sensitivity": 0.3403805496828753
        },
        "count": {
          "Nref": 473.0,
          "Nsys": 297.0
        },
        "error_rate": {
          "deletion_rate": 0.6596194503171248,
          "insertion_rate": 0.28752642706131076,
          "error_rate": 0.9471458773784356
        },
        "f_measure": {
          "precision": 0.5420875420875421,
          "recall": 0.3403805496828753,
          "f_measure": 0.4181818181818182
        }
      },
      "Police car (siren)": {
        "accuracy": {
          "balanced_accuracy": 0.7998072022087127,
          "accuracy": 0.9459631277813096,
          "specificity": 0.9649280575539568,
          "sensitivity": 0.6346863468634686
        },
        "count": {
          "Nref": 271.0,
          "Nsys": 328.0
        },
        "error_rate": {
          "deletion_rate": 0.36531365313653136,
          "insertion_rate": 0.5756457564575646,
          "error_rate": 0.9409594095940959
        },
        "f_measure": {
          "precision": 0.524390243902439,
          "recall": 0.6346863468634686,
          "f_measure": 0.5742904841402338
        }
      },
      "Car alarm": {
        "accuracy": {
          "balanced_accuracy": 0.5816584562662311,
          "accuracy": 0.9696969696969697,
          "specificity": 0.9986827661909989,
          "sensitivity": 0.16463414634146342
        },