{"weak": {"micro": {"precision": 0.5603448275862069, "f1": 0.40880503144654085, "recall": 0.3217821782178218}, "weighted": {"precision": 0.6312102436385918, "f1": 0.3700646629701055, "recall": 0.3217821782178218}, "samples": {"precision": 0.3709016393442623, "f1": 0.3421448087431693, "recall": 0.3319672131147541}, "macro": {"precision": 0.6496913647068444, "f1": 0.3649245925845992, "recall": 0.30744747899159663}}, "strong": {"class_wise": {"Bus": {"f_measure": {"precision": 0.27350427350427353, "f_measure": 0.16161616161616166, "recall": 0.11469534050179211}, "accuracy": {"specificity": 0.9806949806949807, "accuracy": 0.9290901324220419, "sensitivity": 0.11469534050179211, "balanced_accuracy": 0.5476951605983864}, "error_rate": {"deletion_rate": 0.8853046594982079, "error_rate": 1.1899641577060933, "insertion_rate": 0.3046594982078853}, "count": {"Nref": 279.0, "Nsys": 117.0}}, "Screaming": {"f_measure": {"precision": 0.2903225806451613, "f_measure": 0.22153846153846152, "recall": 0.1791044776119403}, "accuracy": {"specificity": 0.98036152644499, "accuracy": 0.9459632635625801, "sensitivity": 0.1791044776119403, "balanced_accuracy": 0.5797330020284651}, "error_rate": {"deletion_rate": 0.8208955223880597, "error_rate": 1.2587064676616917, "insertion_rate": 0.43781094527363185}, "count": {"Nref": 201.0, "Nsys": 124.0}}, "Bicycle": {"f_measure": {"precision": 0.2692307692307692, "f_measure": 0.24054982817869414, "recall": 0.21739130434782608}, "accuracy": {"specificity": 0.9789869497898694, "accuracy": 0.9527979495941905, "sensitivity": 0.21739130434782608, "balanced_accuracy": 0.5981891270688477}, "error_rate": {"deletion_rate": 0.782608695652174, "error_rate": 1.3726708074534162, "insertion_rate": 0.5900621118012422}, "count": {"Nref": 161.0, "Nsys": 130.0}}, "Skateboard": {"f_measure": {"precision": 0.6604651162790698, "f_measure": 0.6893203883495145, "recall": 0.7208121827411168}, "accuracy": {"specificity": 0.9837235228539576, "accuracy": 0.9726612558735583, "sensitivity": 0.7208121827411168, "balanced_accuracy": 0.8522678527975371}, "error_rate": {"deletion_rate": 0.27918781725888325, "error_rate": 0.649746192893401, "insertion_rate": 0.37055837563451777}, "count": {"Nref": 197.0, "Nsys": 215.0}}, "Train horn": {"f_measure": {"precision": 0.7837837837837838, "f_measure": 0.5065502183406113, "recall": 0.3741935483870968}, "accuracy": {"specificity": 0.9964656505411973, "accuracy": 0.9758650149508757, "sensitivity": 0.3741935483870968, "balanced_accuracy": 0.6853295994641471}, "error_rate": {"deletion_rate": 0.6258064516129033, "error_rate": 0.7290322580645162, "insertion_rate": 0.1032258064516129}, "count": {"Nref": 155.0, "Nsys": 74.0}}, "Ambulance (siren)": {"f_measure": {"precision": 0.6666666666666666, "f_measure": 0.251497005988024, "recall": 0.15498154981549817}, "accuracy": {"specificity": 0.995239174790297, "accuracy": 0.9466040153780436, "sensitivity": 0.15498154981549817, "balanced_accuracy": 0.5751103623028976}, "error_rate": {"deletion_rate": 0.8450184501845018, "error_rate": 0.9225092250922509, "insertion_rate": 0.07749077490774908}, "count": {"Nref": 271.0, "Nsys": 63.0}}, "Police car (siren)": {"f_measure": {"precision": 0.4657534246575342, "f_measure": 0.4831261101243339, "recall": 0.5018450184501845}, "accuracy": {"specificity": 0.9646338698707776, "accuracy": 0.9378470739000427, "sensitivity": 0.5018450184501845, "balanced_accuracy": 0.733239444160481}, "error_rate": {"deletion_rate": 0.4981549815498155, "error_rate": 1.07380073800738, "insertion_rate": 0.5756457564575646}, "count": {"Nref": 271.0, "Nsys": 292.0}}, "Fire engine, fire truck (siren)": {"f_measure": {"precision": 0.5490196078431373, "f_measure": 0.535885167464115, "recall": 0.5233644859813084}, "accuracy": {"specificity": 0.968355881678514, "accuracy": 0.9378470739000427, "sensitivity": 0.5233644859813084, "balanced_accuracy": 0.7458601838299113}, "error_rate": {"deletion_rate": 0.4766355140186916, "error_rate": 0.9065420560747663, "insertion_rate": 0.42990654205607476}, "count": {"Nref": 321.0, "Nsys": 306.0}}, "Car passing by": {"f_measure": {"precision": NaN, "f_measure": NaN, "recall": 0.0}, "accuracy": {"specificity": 1.0, "accuracy": 0.9463904314395557, "sensitivity": 0.0, "balanced_accuracy": 0.5}, "error_rate": {"deletion_rate": 1.0, "error_rate": 1.0, "insertion_rate": 0.0}, "count": {"Nref": 251.0, "Nsys": 0.0}}, "Train": {"f_measure": {"precision": 0.6820083682008368, "f_measure": 0.5326797385620916, "recall": 0.43699731903485256}, "accuracy": {"specificity": 0.982362497099095, "accuracy": 0.9389149935924819, "sensitivity": 0.43699731903485256, "balanced_accuracy": 0.7096799080669738}, "error_rate": {"deletion_rate": 0.5630026809651475, "error_rate": 0.7667560321715818, "insertion_rate": 0.2037533512064343}, "count": {"Nref": 373.0, "Nsys": 239.0}}, "Car alarm": {"f_measure": {"precision": 0.5625, "f_measure": 0.1836734693877551, "recall": 0.10975609756097561}, "accuracy": {"specificity": 0.9969012837538734, "accuracy": 0.9658265698419479, "sensitivity": 0.10975609756097561, "balanced_accuracy": 0.5533286906574245}, "error_rate": {"deletion_rate": 0.8902439024390244, "error_rate": 0.975609756097561, "insertion_rate": 0.08536585365853659}, "count": {"Nref": 164.0, "Nsys": 32.0}}, "Air horn, truck horn": {"f_measure": {"precision": 0.5368421052631579, "f_measure": 0.3554006968641115, "recall": 0.265625}, "accuracy": {"specificity": 0.9902004454342984, "accuracy": 0.9604869713797523, "sensitivity": 0.265625, "balanced_accuracy": 0.6279127227171493}, "error_rate": {"deletion_rate": 0.734375, "error_rate": 0.9635416666666666, "insertion_rate": 0.22916666666666666}, "count": {"Nref": 192.0, "Nsys": 95.0}}, "Reversing beeps": {"f_measure": {"precision": 1.0, "f_measure": 0.5084745762711864, "recall": 0.3409090909090909}, "accuracy": {"specificity": 1.0, "accuracy": 0.9752242631354122, "sensitivity": 0.3409090909090909, "balanced_accuracy": 0.6704545454545454}, "error_rate": {"deletion_rate": 0.6590909090909091, "error_rate": 0.6590909090909091, "insertion_rate": 0.0}, "count": {"Nref": 176.0, "Nsys": 60.0}}, "Car": {"f_measure": {"precision": 0.21315192743764172, "f_measure": 0.3327433628318584, "recall": 0.7580645161290323}, "accuracy": {"specificity": 0.7584686774941996, "accuracy": 0.7584365655702691, "sensitivity": 0.7580645161290323, "balanced_accuracy": 0.7582665968116159}, "error_rate": {"deletion_rate": 0.24193548387096775, "error_rate": 3.040322580645161, "insertion_rate": 2.7983870967741935}, "count": {"Nref": 372.0, "Nsys": 1323.0}}, "Motorcycle": {"f_measure": {"precision": 0.4207920792079208, "f_measure": 0.4106280193236715, "recall": 0.4009433962264151}, "accuracy": {"specificity": 0.9738255033557047, "accuracy": 0.9478855190089706, "sensitivity": 0.4009433962264151, "balanced_accuracy": 0.68738444979106}, "error_rate": {"deletion_rate": 0.5990566037735849, "error_rate": 1.150943396226415, "insertion_rate": 0.5518867924528302}, "count": {"Nref": 212.0, "Nsys": 202.0}}, "Truck": {"f_measure": {"precision": 0.3816793893129771, "f_measure": 0.272108843537415, "recall": 0.21141649048625794}, "accuracy": {"specificity": 0.9615110477548111, "accuracy": 0.8857325929090133, "sensitivity": 0.21141649048625794, "balanced_accuracy": 0.5864637691205346}, "error_rate": {"deletion_rate": 0.7885835095137421, "error_rate": 1.13107822410148, "insertion_rate": 0.34249471458773784}, "count": {"Nref": 473.0, "Nsys": 262.0}}, "Civil defense siren": {"f_measure": {"precision": 0.7066666666666667, "f_measure": 0.7969924812030076, "recall": 0.9137931034482759}, "accuracy": {"specificity": 0.9749544626593807, "accuracy": 0.9711661683041435, "sensitivity": 0.9137931034482759, "balanced_accuracy": 0.9443737830538284}, "error_rate": {"deletion_rate": 0.08620689655172414, "error_rate": 0.46551724137931033, "insertion_rate": 0.3793103448275862}, "count": {"Nref": 290.0, "Nsys": 375.0}}}, "class_wise_average": {"f_measure": {"precision": 0.5288991724187249,