{
  "weak": {
    "macro": {
      "f1": 0.7028995402010487,
      "recall": 0.7457340253585637,
      "precision": 0.679301620198177
    },
    "weighted": {
      "f1": 0.7031666840903226,
      "recall": 0.7459101532069592,
      "precision": 0.6796575207597911
    },
    "micro": {
      "f1": 0.7051242712488494,
      "recall": 0.7459101532069592,
      "precision": 0.6685674386128244
    },
    "samples": {
      "f1": 0.6914767886525238,
      "recall": 0.7532109126984127,
      "precision": 0.678290873015873
    }
  },
  "strong": {
    "class_wise": {
      "jackhammer": {
        "count": {
          "Nsys": 4644.0,
          "Nref": 3898.0
        },
        "f_measure": {
          "f_measure": 0.593303675954109,
          "recall": 0.6500769625448948,
          "precision": 0.545650301464255
        },
        "accuracy": {
          "sensitivity": 0.6500769625448948,
          "balanced_accuracy": 0.7567934460179031,
          "accuracy": 0.8205300408121093,
          "specificity": 0.8635099294909114
        },
        "error_rate": {
          "deletion_rate": 0.34992303745510517,
          "insertion_rate": 0.5413032324268856,
          "error_rate": 0.8912262698819908
        }
      },
      "street_music": {
        "count": {
          "Nsys": 3987.0,
          "Nref": 3986.0
        },
        "f_measure": {
          "f_measure": 0.5297880346168318,
          "recall": 0.5298544907175113,
          "precision": 0.5297215951843491
        },
        "accuracy": {
          "sensitivity": 0.5298544907175113,
          "balanced_accuracy": 0.7039357679012057,
          "accuracy": 0.8063232938988479,
          "specificity": 0.8780170450849001
        },
        "error_rate": {
          "deletion_rate": 0.4701455092824887,
          "insertion_rate": 0.4703963873557451,
          "error_rate": 0.9405418966382338
        }
      },
      "air_conditioner": {
        "count": {
          "Nsys": 3778.0,
          "Nref": 3926.0
        },
        "f_measure": {
          "f_measure": 0.38421599169262716,
          "recall": 0.3769740193581253,
          "precision": 0.39174166225516144
        },
        "accuracy": {
          "sensitivity": 0.3769740193581253,
          "balanced_accuracy": 0.6140265080913496,
          "accuracy": 0.7549207005217751,
          "specificity": 0.8510789968245739
        },
        "error_rate": {
          "deletion_rate": 0.6230259806418746,
          "insertion_rate": 0.5853285787060621,
          "error_rate": 1.2083545593479368
        }
      },
      "gun_shot": {
        "count": {
          "Nsys": 3798.0,
          "Nref": 3439.0
        },
        "f_measure": {
          "f_measure": 0.4537791902722122,
          "recall": 0.4774643791799942,
          "precision": 0.43233280674038965
        },
        "accuracy": {
          "sensitivity": 0.4774643791799942,
          "balanced_accuracy": 0.6710101139523541,
          "accuracy": 0.7957844707341014,
          "specificity": 0.8645558487247141
        },
        "error_rate": {
          "deletion_rate": 0.5225356208200058,
          "insertion_rate": 0.6269264321023553,
          "error_rate": 1.1494620529223611
        }
      },
      "dog_bark": {
        "count": {
          "Nsys": 6411.0,
          "Nref": 3885.0
        },
        "f_measure": {
          "f_measure": 0.4316239316239316,
          "recall": 0.571943371943372,
          "precision": 0.3465917953517392
        },
        "accuracy": {
          "sensitivity": 0.571943371943372,
          "balanced_accuracy": 0.6505981078951606,
          "accuracy": 0.6976804256857985,
          "specificity": 0.7292528438469493
        },
        "error_rate": {
          "deletion_rate": 0.42805662805662803,
          "insertion_rate": 1.0782496782496782,
          "error_rate": 1.5063063063063062
        }
      },
      "drilling": {
        "count": {
          "Nsys": 3956.0,
          "Nref": 4032.0
        },
        "f_measure": {
          "f_measure": 0.5137706559839759,
          "recall": 0.5089285714285714,
          "precision": 0.5187057633973711
        },
        "accuracy": {
          "sensitivity": 0.5089285714285714,
          "balanced_accuracy": 0.6923435679328828,
          "accuracy": 0.7993490726868833,
          "specificity": 0.8757585644371941
        },
        "error_rate": {
          "deletion_rate": 0.49107142857142855,
          "insertion_rate": 0.4722222222222222,
          "error_rate": 0.9632936507936507
        }
      },
      "engine_idling": {
        "count": {
          "Nsys": 2704.0,
          "Nref": 4037.0
        },
        "f_measure": {
          "f_measure": 0.4548286604361371,
          "recall": 0.37973742878375033,
          "precision": 0.5669378698224852
        },
        "accuracy": {
          "sensitivity": 0.37973742878375033,
          "balanced_accuracy": 0.6516506987260788,
          "accuracy": 0.810146200340962,
          "specificity": 0.9235639686684073
        },
        "error_rate": {
          "deletion_rate": 0.6202625712162497,
          "insertion_rate": 0.2900668813475353,
          "error_rate": 0.9103294525637851
        }
      },
      "car_horn": {
        "count": {
          "Nsys": 3288.0,
          "Nref": 3315.0
        },
        "f_measure": {
          "f_measure": 0.5073451461456913,
          "recall": 0.5052790346907994,
          "precision": 0.5094282238442822
        },
        "accuracy": {
          "sensitivity": 0.5052790346907994,
          "balanced_accuracy": 0.702365237330439,
          "accuracy": 0.8319470992405849,
          "specificity": 0.8994514399700786
        },
        "error_rate": {
          "deletion_rate": 0.4947209653092006,
          "insertion_rate": 0.4865761689291101,
          "error_rate": 0.9812971342383108
        }
      },
      "siren": {
        "count": {
          "Nsys": 2523.0,
          "Nref": 4002.0
        },
        "f_measure": {
          "f_measure": 0.5419157088122606,
          "recall": 0.44177911044477763,
          "precision": 0.7007530717399921
        },
        "accuracy": {
          "sensitivity": 0.44177911044477763,
          "balanced_accuracy": 0.6963047294327438,
          "accuracy": 0.8455855762773157,
          "specificity": 0.9508303484207099
        },
        "error_rate": {
          "deletion_rate": 0.5582208895552224,
          "insertion_rate": 0.18865567216391804,
          "error_rate": 0.7468765617191404
        }
      },
      "children_playing": {
        "count": {
          "Nsys": 3325.0,
          "Nref": 4081.0
        },
        "f_measure": {
          "f_measure": 0.45989738050229545,
          "recall": 0.41729968145062485,
          "precision": 0.5121804511278195
        },
        "accuracy": {
          "sensitivity": 0.41729968145062485,
          "balanced_accuracy": 0.655560026637855,
          "accuracy": 0.7933564085343803,
          "specificity": 0.8938203718250851
        },
        "error_rate": {
          "deletion_rate": 0.5827003185493752,
          "insertion_rate": 0.3974516049987748,
          "error_rate": 0.98015192354815
        }
      }
    },
    "overall": {
      "f_measure": {
        "f_measure": 0.48616503278582096,
        "recall": 0.4849874355586643,
        "precision": 0.4873483625761441
      },
      "accuracy": {
        "sensitivity": 0.4849874355586643,
        "balanced_accuracy": 0.6789552036248884,
        "accuracy": 0.7955623288732758,
        "specificity": 0.8729229716911124
      },
      "error_rate": {
        "deletion_rate": 0.34693401725343903,
        "substitution_rate": 0.1680785471878967,
        "insertion_rate": 0.3420895831714204,
        "error_rate": 0.857102147612756
      }
    },
    "class_wise_average": {
      "f_measure": {
        "f_measure": 0.4870468376040072,
        "recall": 0.4859337050542421,
        "precision": 0.5054043540927845
      },
      "accuracy": {
        "specificity": 0.8729839357293525,