{
  "weak": {
    "weighted": {
      "precision": 0.7359369449261367,
      "f1": 0.7070384236601904,
      "recall": 0.6931965723188782
    },
    "macro": {
      "precision": 0.7350934173750117,
      "f1": 0.7066927608685727,
      "recall": 0.693472222711061
    },
    "micro": {
      "precision": 0.7345899834892681,
      "f1": 0.7132932531730126,
      "recall": 0.6931965723188782
    },
    "samples": {
      "precision": 0.7437634920634921,
      "f1": 0.7043543817293817,
      "recall": 0.7079404761904762
    }
  },
  "strong": {
    "class_wise_average": {
      "f_measure": {
        "f_measure": 0.4927752669028777,
        "recall": 0.43698329041611406,
        "precision": 0.5799208023594061
      },
      "accuracy": {
        "sensitivity": 0.43698329041611406,
        "balanced_accuracy": 0.6771606242747467,
        "accuracy": 0.8189593841252986,
        "specificity": 0.9173379581333793
      },
      "error_rate": {
        "insertion_rate": 0.3183974960885884,
        "deletion_rate": 0.5630167095838858,
        "error_rate": 0.8814142056724743
      }
    },
    "class_wise": {
      "engine_idling": {
        "f_measure": {
          "f_measure": 0.43860518922492153,
          "recall": 0.3287094377012633,
          "precision": 0.6588877855014895
        },
        "accuracy": {
          "sensitivity": 0.3287094377012633,
          "specificity": 0.9535748074064063,
          "accuracy": 0.8196442792673215,
          "balanced_accuracy": 0.6411421225538348
        },
        "error_rate": {
          "insertion_rate": 0.1701758731731484,
          "deletion_rate": 0.6712905622987367,
          "error_rate": 0.8414664354718852
        },
        "count": {
          "Nsys": 2014.0,
          "Nref": 4037.0
        }
      },
      "drilling": {
        "f_measure": {
          "f_measure": 0.49560975609756097,
          "recall": 0.4409722222222222,
          "precision": 0.5657015590200446
        },
        "accuracy": {
          "sensitivity": 0.4409722222222222,
          "specificity": 0.9077889616969533,
          "accuracy": 0.8078577117069285,
          "balanced_accuracy": 0.6743805919595878
        },
        "error_rate": {
          "insertion_rate": 0.3385416666666667,
          "deletion_rate": 0.5590277777777778,
          "error_rate": 0.8975694444444444
        },
        "count": {
          "Nsys": 3143.0,
          "Nref": 4032.0
        }
      },
      "gun_shot": {
        "f_measure": {
          "f_measure": 0.48585690515806995,
          "recall": 0.38208781622564697,
          "precision": 0.667005076142132
        },
        "accuracy": {
          "sensitivity": 0.38208781622564697,
          "specificity": 0.9573915302676019,
          "accuracy": 0.8523493496150784,
          "balanced_accuracy": 0.6697396732466244
        },
        "error_rate": {
          "insertion_rate": 0.1907531259086944,
          "deletion_rate": 0.617912183774353,
          "error_rate": 0.8086653096830474
        },
        "count": {
          "Nsys": 1970.0,
          "Nref": 3439.0
        }
      },
      "jackhammer": {
        "f_measure": {
          "f_measure": 0.6313905930470347,
          "recall": 0.633658286300667,
          "precision": 0.6291390728476821
        },
        "accuracy": {
          "sensitivity": 0.633658286300667,
          "specificity": 0.9025239338555265,
          "accuracy": 0.8468808070082293,
          "balanced_accuracy": 0.7680911100780967
        },
        "error_rate": {
          "insertion_rate": 0.37352488455618266,
          "deletion_rate": 0.366341713699333,
          "error_rate": 0.7398665982555157
        },
        "count": {
          "Nsys": 3926.0,
          "Nref": 3898.0
        }
      },
      "children_playing": {
        "f_measure": {
          "f_measure": 0.4653199604463907,
          "recall": 0.40357755452095073,
          "precision": 0.5493662441627751
        },
        "accuracy": {
          "sensitivity": 0.40357755452095073,
          "specificity": 0.9084316117663007,
          "accuracy": 0.7990443323599682,
          "balanced_accuracy": 0.6560045831436258
        },
        "error_rate": {
          "insertion_rate": 0.33104631217838765,
          "deletion_rate": 0.5964224454790492,
          "error_rate": 0.9274687576574369
        },
        "count": {
          "Nsys": 2998.0,
          "Nref": 4081.0
        }
      },
      "dog_bark": {
        "f_measure": {
          "f_measure": 0.4458467860287643,
          "recall": 0.390990990990991,
          "precision": 0.5186070331171048
        },
        "accuracy": {
          "sensitivity": 0.390990990990991,
          "specificity": 0.905685618729097,
          "accuracy": 0.7995221661799841,
          "balanced_accuracy": 0.648338304860044
        },
        "error_rate": {
          "insertion_rate": 0.36293436293436293,
          "deletion_rate": 0.609009009009009,
          "error_rate": 0.9719433719433719
        },
        "count": {
          "Nsys": 2929.0,
          "Nref": 3885.0
        }
      },
      "air_conditioner": {
        "f_measure": {
          "f_measure": 0.3492063492063492,
          "recall": 0.27738155883851245,
          "precision": 0.4712245781047166
        },
        "accuracy": {
          "sensitivity": 0.27738155883851245,
          "specificity": 0.9180360855858877,
          "accuracy": 0.7844969471728166,
          "balanced_accuracy": 0.5977088222122
        },
        "error_rate": {
          "insertion_rate": 0.31125827814569534,
          "deletion_rate": 0.7226184411614875,
          "error_rate": 1.033876719307183
        },
        "count": {
          "Nsys": 2311.0,
          "Nref": 3926.0
        }
      },
      "car_horn": {
        "f_measure": {
          "f_measure": 0.5437864887406173,
          "recall": 0.4917043740573152,
          "precision": 0.6082089552238806
        },
        "accuracy": {
          "sensitivity": 0.4917043740573152,
          "specificity": 0.9323453608247423,
          "accuracy": 0.8547916113618264,
          "balanced_accuracy": 0.7120248674410288
        },
        "error_rate": {
          "insertion_rate": 0.3167420814479638,
          "deletion_rate": 0.5082956259426847,
          "error_rate": 0.8250377073906485
        },
        "count": {
          "Nsys": 2680.0,
          "Nref": 3315.0
        }
      },
      "street_music": {
        "f_measure": {
          "f_measure": 0.5432366494985091,
          "recall": 0.5027596588058204,
          "precision": 0.5908018867924528
        },
        "accuracy": {
          "sensitivity": 0.5027596588058204,
          "specificity": 0.9065256919657889,
          "accuracy": 0.8210777807273693,
          "balanced_accuracy": 0.7046426753858046
        },
        "error_rate": {
          "insertion_rate": 0.3482187656798796,
          "deletion_rate": 0.49724034119417965,
          "error_rate": 0.8454591068740592
        },
        "count": {
          "Nsys": 3392.0,
          "Nref": 3986.0
        }
      },
      "siren": {
        "f_measure": {
          "f_measure": 0.5288939915805588,
          "recall": 0.5179910044977512,
          "precision": 0.5402658326817826
        },
        "accuracy": {
          "sensitivity": 0.5179910044977512,
          "specificity": 0.8810759792354884,
          "accuracy": 0.8039288558534643,
          "balanced_accuracy": 0.6995334918666198
        },
        "error_rate": {
          "insertion_rate": 0.4407796101949025,
          "deletion_rate": 0.48200899550224885,
          "error_rate": 0.9227886056971514
        },
        "count": {
          "Nsys": 3837.0,
          "Nref": 4002.0
        }
      }
    },
    "overall": {
      "f_measure": {
        "f_measure": 0.4970723145676318,
        "recall": 0.4365430947384783,
        "precision": 0.5770890410958904
      },
      "accuracy": {
        "sensitivity": 0.4365430947384783,
        "specificity": 0.9175353424730716,