{
  "strong": {
    "class_wise_average": {
      "error_rate": {
        "deletion_rate": 0.3970422633875149,
        "error_rate": 1.3945145573117796,
        "insertion_rate": 0.9974722939242648
      },
      "f_measure": {
        "precision": 0.38134826244813896,
        "f_measure": 0.4632456467674565,
        "recall": 0.6029577366124851
      },
      "accuracy": {
        "sensitivity": 0.6029577366124851,
        "accuracy": 0.7170479704797048,
        "specificity": 0.7454495678782249,
        "balanced_accuracy": 0.6742036522453551
      }
    },
    "class_wise": {
      "gun_shot": {
        "accuracy": {
          "balanced_accuracy": 0.6466914495259778,
          "accuracy": 0.788666315234581,
          "specificity": 0.8694224454317172,
          "sensitivity": 0.42396045362023843
        },
        "f_measure": {
          "precision": 0.41824440619621345,
          "f_measure": 0.42108303249097473,
          "recall": 0.42396045362023843
        },
        "count": {
          "Nsys": 3486.0,
          "Nref": 3439.0
        },
        "error_rate": {
          "deletion_rate": 0.5760395463797615,
          "error_rate": 1.165745856353591,
          "insertion_rate": 0.5897063099738296
        }
      },
      "dog_bark": {
        "accuracy": {
          "balanced_accuracy": 0.6482616524379865,
          "accuracy": 0.7287295730100158,
          "specificity": 0.7845541929068611,
          "sensitivity": 0.511969111969112
        },
        "f_measure": {
          "precision": 0.37965260545905705,
          "f_measure": 0.4359929855326611,
          "recall": 0.511969111969112
        },
        "count": {
          "Nsys": 5239.0,
          "Nref": 3885.0
        },
        "error_rate": {
          "deletion_rate": 0.488030888030888,
          "error_rate": 1.3245817245817246,
          "insertion_rate": 0.8365508365508365
        }
      },
      "engine_idling": {
        "accuracy": {
          "balanced_accuracy": 0.6651926370950181,
          "accuracy": 0.6854507116499736,
          "specificity": 0.7004620638853546,
          "sensitivity": 0.6299232103046817
        },
        "f_measure": {
          "precision": 0.36245724059293044,
          "f_measure": 0.46014656654302,
          "recall": 0.6299232103046817
        },
        "count": {
          "Nsys": 7016.0,
          "Nref": 4037.0
        },
        "error_rate": {
          "deletion_rate": 0.3700767896953183,
          "error_rate": 1.4780777805300966,
          "insertion_rate": 1.1080009908347783
        }
      },
      "drilling": {
        "accuracy": {
          "balanced_accuracy": 0.6774360644367088,
          "accuracy": 0.6920400632577755,
          "specificity": 0.7028383987146873,
          "sensitivity": 0.6520337301587301
        },
        "f_measure": {
          "precision": 0.37195812110922466,
          "f_measure": 0.47369369369369363,
          "recall": 0.6520337301587301
        },
        "count": {
          "Nsys": 7068.0,
          "Nref": 4032.0
        },
        "error_rate": {
          "deletion_rate": 0.3479662698412698,
          "error_rate": 1.44890873015873,
          "insertion_rate": 1.1009424603174602
        }
      },
      "car_horn": {
        "accuracy": {
          "balanced_accuracy": 0.6681001978463793,
          "accuracy": 0.6729573010015815,
          "specificity": 0.6755669115298627,
          "sensitivity": 0.6606334841628959
        },
        "f_measure": {
          "precision": 0.3012794056954189,
          "f_measure": 0.41383219954648526,
          "recall": 0.6606334841628959
        },
        "count": {
          "Nsys": 7269.0,
          "Nref": 3315.0
        },
        "error_rate": {
          "deletion_rate": 0.3393665158371041,
          "error_rate": 1.8714932126696833,
          "insertion_rate": 1.5321266968325793
        }
      },
      "children_playing": {
        "accuracy": {
          "balanced_accuracy": 0.6677185904106626,
          "accuracy": 0.6818133895624671,
          "specificity": 0.692457518973739,
          "sensitivity": 0.6429796618475864
        },
        "f_measure": {
          "precision": 0.36429265583784537,
          "f_measure": 0.46508330379298124,
          "recall": 0.6429796618475864
        },
        "count": {
          "Nsys": 7203.0,
          "Nref": 4081.0
        },
        "error_rate": {
          "deletion_rate": 0.35702033815241363,
          "error_rate": 1.4790492526341583,
          "insertion_rate": 1.1220289144817446
        }
      },
      "street_music": {
        "accuracy": {
          "balanced_accuracy": 0.7067315522910003,
          "accuracy": 0.7180811808118082,
          "specificity": 0.7263080619327282,
          "sensitivity": 0.6871550426492724
        },
        "f_measure": {
          "precision": 0.4004385964912281,
          "f_measure": 0.506004064289673,
          "recall": 0.6871550426492724
        },
        "count": {
          "Nsys": 6840.0,
          "Nref": 3986.0
        },
        "error_rate": {
          "deletion_rate": 0.31284495735072754,
          "error_rate": 1.3416959357752132,
          "insertion_rate": 1.0288509784244857
        }
      },
      "air_conditioner": {
        "accuracy": {
          "balanced_accuracy": 0.6364604902203663,
          "accuracy": 0.715392725355825,
          "specificity": 0.7711379952140388,
          "sensitivity": 0.5017829852266938
        },
        "f_measure": {
          "precision": 0.3639386661740255,
          "f_measure": 0.4218867116393618,
          "recall": 0.5017829852266938
        },
        "count": {
          "Nsys": 5413.0,
          "Nref": 3926.0
        },
        "error_rate": {
          "deletion_rate": 0.49821701477330615,
          "error_rate": 1.3751910341314315,
          "insertion_rate": 0.8769740193581254
        }
      },
      "jackhammer": {
        "accuracy": {
          "balanced_accuracy": 0.7355365870297687,
          "accuracy": 0.7598840274117027,
          "specificity": 0.7768710191082803,
          "sensitivity": 0.694202154951257
        },
        "f_measure": {
          "precision": 0.4458724666337123,
          "f_measure": 0.542991873181499,
          "recall": 0.694202154951257
        },
        "count": {
          "Nsys": 6069.0,
          "Nref": 3898.0
        },
        "error_rate": {
          "deletion_rate": 0.30579784504874297,
          "error_rate": 1.168547973319651,
          "insertion_rate": 0.8627501282709081
        }
      },
      "siren": {
        "accuracy": {
          "balanced_accuracy": 0.689907301159682,
          "accuracy": 0.7274644175013179,
          "specificity": 0.7548770710849813,
          "sensitivity": 0.6249375312343828
        },
        "f_measure": {
          "precision": 0.4053484602917342,
          "f_measure": 0.49174203696421553,
          "recall": 0.6249375312343828
        },
        "count": {
          "Nsys": 6170.0,
          "Nref": 4002.0
        },
        "error_rate": {
          "deletion_rate": 0.3750624687656172,
          "error_rate": 1.2918540729635182,
          "insertion_rate": 0.9167916041979011
        }
      }
    },
    "overall": {
      "error_rate": {
        "deletion_rate": 0.24077096448278543,
        "error_rate": 1.2361855910468642,
        "insertion_rate": 0.8410662936193363,
        "substitution_rate": 0.15434833294474237
      },
      "f_measure": {
        "precision": 0.3779806711670147,
        "f_measure": 0.4652400023910574,
        "recall": 0.6048807025724722
      },
      "accuracy": {
        "balanced_accuracy": 0.6752919254197511,
        "accuracy": 0.7170479704797048,
        "specificity": 0.7457031482670302,
        "sensitivity": 0.6048807025724722
      }
    }
  },
  "weak": {
    "weighted": {
      "precision": 0.6978240249298726,
      "f1": 0.5344859913358453,
      "recall": 0.46091924175538823
    },
    "macro": {
      "precision": 0.6978186166634979,
      "f1": 0.5355817046921437,